Y,T
T (K) @ t=0,321.2704638
T (K) @ t=0.1,321.3185105
T (K) @ t=0.2,321.3761264
T (K) @ t=0.3,321.4433115
T (K) @ t=0.4,321.5039324
T (K) @ t=0.5,321.559302
T (K) @ t=0.6,321.6094204
T (K) @ t=0.7,321.632067
T (K) @ t=0.8,321.6547136
T (K) @ t=0.9,321.6773603
T (K) @ t=1,321.7000069
T (K) @ t=1.1,321.7226536
T (K) @ t=1.2,321.7453002
T (K) @ t=1.3,321.7549171
T (K) @ t=1.4,321.764534
T (K) @ t=1.5,321.7741509
T (K) @ t=1.6,321.7837678
T (K) @ t=1.7,321.7933848
T (K) @ t=1.8,321.8030017
T (K) @ t=1.9,321.8126186
T (K) @ t=2,321.8222355
T (K) @ t=2.1,321.8318524
T (K) @ t=2.2,321.8414693
T (K) @ t=2.3,321.8510862
T (K) @ t=2.4,321.8607031
T (K) @ t=2.5,321.8643513
T (K) @ t=2.6,321.8679995
T (K) @ t=2.7,321.8716476
T (K) @ t=2.8,321.8752958
T (K) @ t=2.9,321.878944
T (K) @ t=3,321.8825922
T (K) @ t=3.1,321.8862404
T (K) @ t=3.2,321.8898885
T (K) @ t=3.3,321.8935367
T (K) @ t=3.4,321.8971849
T (K) @ t=3.5,321.9008331
T (K) @ t=3.6,321.9044813
T (K) @ t=3.7,321.9081294
T (K) @ t=3.8,321.9117776
T (K) @ t=3.9,321.9154258
T (K) @ t=4,321.919074
T (K) @ t=4.1,321.9227222
T (K) @ t=4.2,321.9263703
T (K) @ t=4.3,321.9300185
T (K) @ t=4.4,321.9336667
T (K) @ t=4.5,321.9373149
T (K) @ t=4.6,321.9409631
T (K) @ t=4.7,321.9446112
T (K) @ t=4.8,321.9482594
T (K) @ t=4.9,321.9495418
T (K) @ t=5,321.9508242
T (K) @ t=5.1,321.9521065
T (K) @ t=5.2,321.9533889
T (K) @ t=5.3,321.9546713
T (K) @ t=5.4,321.9559536
T (K) @ t=5.5,321.957236
T (K) @ t=5.6,321.9585184
T (K) @ t=5.7,321.9598007
T (K) @ t=5.8,321.9610831
T (K) @ t=5.9,321.9623655
T (K) @ t=6,321.9636478
T (K) @ t=6.1,321.9649302
T (K) @ t=6.2,321.9662126
T (K) @ t=6.3,321.9674949
T (K) @ t=6.4,321.9687773
T (K) @ t=6.5,321.9700597
T (K) @ t=6.6,321.9713421
T (K) @ t=6.7,321.9726244
T (K) @ t=6.8,321.9739068
T (K) @ t=6.9,321.9751892
T (K) @ t=7,321.9764715
T (K) @ t=7.1,321.9777539
T (K) @ t=7.2,321.9790363
T (K) @ t=7.3,321.9803186
T (K) @ t=7.4,321.981601
T (K) @ t=7.5,321.9828834
T (K) @ t=7.6,321.9841657
T (K) @ t=7.7,321.9854481
T (K) @ t=7.8,321.9867305
T (K) @ t=7.9,321.9880128
T (K) @ t=8,321.9892952
T (K) @ t=8.1,321.9905776
T (K) @ t=8.2,321.99186
T (K) @ t=8.3,321.9931423
T (K) @ t=8.4,321.9944247
T (K) @ t=8.5,321.9957071
T (K) @ t=8.6,321.9969894
T (K) @ t=8.7,321.9982718
T (K) @ t=8.8,321.9995542
T (K) @ t=8.9,322.0008365
T (K) @ t=9,322.0021189
T (K) @ t=9.1,322.0034013
T (K) @ t=9.2,322.0046836
T (K) @ t=9.3,322.005966
T (K) @ t=9.4,322.0072484
T (K) @ t=9.5,322.0085307
T (K) @ t=9.6,322.0098131
T (K) @ t=9.7,322.0102535
T (K) @ t=9.8,322.0106938
T (K) @ t=9.9,322.0111342
T (K) @ t=10,322.0115745
T (K) @ t=10.1,322.0120148
T (K) @ t=10.2,322.0124552
T (K) @ t=10.3,322.0128955
T (K) @ t=10.4,322.0133359
T (K) @ t=10.5,322.0137762
T (K) @ t=10.6,322.0142166
T (K) @ t=10.7,322.0146569
T (K) @ t=10.8,322.0150973
T (K) @ t=10.9,322.0155376
T (K) @ t=11,322.015978
T (K) @ t=11.1,322.0164183
T (K) @ t=11.2,322.0168586
T (K) @ t=11.3,322.017299
T (K) @ t=11.4,322.0177393
T (K) @ t=11.5,322.0181797
T (K) @ t=11.6,322.01862
T (K) @ t=11.7,322.0190604
T (K) @ t=11.8,322.0195007
T (K) @ t=11.9,322.0199411
T (K) @ t=12,322.0203814
T (K) @ t=12.1,322.0208218
T (K) @ t=12.2,322.0212621
T (K) @ t=12.3,322.0217024
T (K) @ t=12.4,322.0221428
T (K) @ t=12.5,322.0225831
T (K) @ t=12.6,322.0230235
T (K) @ t=12.7,322.0234638
T (K) @ t=12.8,322.0239042
T (K) @ t=12.9,322.0243445
T (K) @ t=13,322.0247849
T (K) @ t=13.1,322.0252252
T (K) @ t=13.2,322.0256655
T (K) @ t=13.3,322.0261059
T (K) @ t=13.4,322.0265462
T (K) @ t=13.5,322.0269866
T (K) @ t=13.6,322.0274269
T (K) @ t=13.7,322.0278673
T (K) @ t=13.8,322.0283076
T (K) @ t=13.9,322.028748
T (K) @ t=14,322.0291883
T (K) @ t=14.1,322.0296287
T (K) @ t=14.2,322.030069
T (K) @ t=14.3,322.0305093
T (K) @ t=14.4,322.0309497
T (K) @ t=14.5,322.03139
T (K) @ t=14.6,322.0318304
T (K) @ t=14.7,322.0322707
T (K) @ t=14.8,322.0327111
T (K) @ t=14.9,322.0331514
T (K) @ t=15,322.0335918
T (K) @ t=15.1,322.0340321
T (K) @ t=15.2,322.0344725
T (K) @ t=15.3,322.0349128
T (K) @ t=15.4,322.0353531
T (K) @ t=15.5,322.0357935
T (K) @ t=15.6,322.0362338
T (K) @ t=15.7,322.0366742
T (K) @ t=15.8,322.0371145
T (K) @ t=15.9,322.0375549
T (K) @ t=16,322.0379952
T (K) @ t=16.1,322.0384356
T (K) @ t=16.2,322.0388759
T (K) @ t=16.3,322.0393163
T (K) @ t=16.4,322.0397566
T (K) @ t=16.5,322.0401969
T (K) @ t=16.6,322.0406373
T (K) @ t=16.7,322.0410776
T (K) @ t=16.8,322.041518
T (K) @ t=16.9,322.0419583
T (K) @ t=17,322.0423987
T (K) @ t=17.1,322.042839
T (K) @ t=17.2,322.0432794
T (K) @ t=17.3,322.0437197
T (K) @ t=17.4,322.0441601
T (K) @ t=17.5,322.0446004
T (K) @ t=17.6,322.0450407
T (K) @ t=17.7,322.0454811
T (K) @ t=17.8,322.0459214
T (K) @ t=17.9,322.0463618
T (K) @ t=18,322.0468021
T (K) @ t=18.1,322.0472425
T (K) @ t=18.2,322.0476828
T (K) @ t=18.3,322.0481232
T (K) @ t=18.4,322.0485635
T (K) @ t=18.5,322.0490039
T (K) @ t=18.6,322.0494442
T (K) @ t=18.7,322.0498845
T (K) @ t=18.8,322.0503249
T (K) @ t=18.9,322.0507652
T (K) @ t=19,322.0512056
T (K) @ t=19.1,322.0516459
T (K) @ t=19.2,322.0520863
T (K) @ t=19.3,322.0522572
T (K) @ t=19.4,322.052428
T (K) @ t=19.5,322.0525989
T (K) @ t=19.6,322.0527698
T (K) @ t=19.7,322.0529407
T (K) @ t=19.8,322.0531116
T (K) @ t=19.9,322.0532825
T (K) @ t=20,322.0534533
T (K) @ t=20.1,322.0536242
T (K) @ t=20.2,322.0537951
T (K) @ t=20.3,322.053966
T (K) @ t=20.4,322.0541369
T (K) @ t=20.5,322.0543078
T (K) @ t=20.6,322.0544786
T (K) @ t=20.7,322.0546495
T (K) @ t=20.8,322.0548204
T (K) @ t=20.9,322.0549913
T (K) @ t=21,322.0551622
T (K) @ t=21.1,322.0553331
T (K) @ t=21.2,322.0555039
T (K) @ t=21.3,322.0556748
T (K) @ t=21.4,322.0558457
T (K) @ t=21.5,322.0560166
T (K) @ t=21.6,322.0561875
T (K) @ t=21.7,322.0563584
T (K) @ t=21.8,322.0565292
T (K) @ t=21.9,322.0567001
T (K) @ t=22,322.056871
T (K) @ t=22.1,322.0570419
T (K) @ t=22.2,322.0572128
T (K) @ t=22.3,322.0573837
T (K) @ t=22.4,322.0575545
T (K) @ t=22.5,322.0577254
T (K) @ t=22.6,322.0578963
T (K) @ t=22.7,322.0580672
T (K) @ t=22.8,322.0582381
T (K) @ t=22.9,322.058409
T (K) @ t=23,322.0585798
T (K) @ t=23.1,322.0587507
T (K) @ t=23.2,322.0589216
T (K) @ t=23.3,322.0590925
T (K) @ t=23.4,322.0592634
T (K) @ t=23.5,322.0594343
T (K) @ t=23.6,322.0596051
T (K) @ t=23.7,322.059776
T (K) @ t=23.8,322.0599469
T (K) @ t=23.9,322.0601178
T (K) @ t=24,322.0602887
T (K) @ t=24.1,322.0604596
T (K) @ t=24.2,322.0606305
T (K) @ t=24.3,322.0608013
T (K) @ t=24.4,322.0609722
T (K) @ t=24.5,322.0611431
T (K) @ t=24.6,322.061314
T (K) @ t=24.7,322.0614849
T (K) @ t=24.8,322.0616558
T (K) @ t=24.9,322.0618266
T (K) @ t=25,322.0619975
T (K) @ t=25.1,322.0621684
T (K) @ t=25.2,322.0623393
T (K) @ t=25.3,322.0625102
T (K) @ t=25.4,322.0626811
T (K) @ t=25.5,322.0628519
T (K) @ t=25.6,322.0630228
T (K) @ t=25.7,322.0631937
T (K) @ t=25.8,322.0633646
T (K) @ t=25.9,322.0635355
T (K) @ t=26,322.0637064
T (K) @ t=26.1,322.0638772
T (K) @ t=26.2,322.0640481
T (K) @ t=26.3,322.064219
T (K) @ t=26.4,322.0643899
T (K) @ t=26.5,322.0645608
T (K) @ t=26.6,322.0647317
T (K) @ t=26.7,322.0649025
T (K) @ t=26.8,322.0650734
T (K) @ t=26.9,322.0652443
T (K) @ t=27,322.0654152
T (K) @ t=27.1,322.0655861
T (K) @ t=27.2,322.065757
T (K) @ t=27.3,322.0659278
T (K) @ t=27.4,322.0660987
T (K) @ t=27.5,322.0662696
T (K) @ t=27.6,322.0664405
T (K) @ t=27.7,322.0666114
T (K) @ t=27.8,322.0667823
T (K) @ t=27.9,322.0669531
T (K) @ t=28,322.067124
T (K) @ t=28.1,322.0672949
T (K) @ t=28.2,322.0674658
T (K) @ t=28.3,322.0676367
T (K) @ t=28.4,322.0678076
T (K) @ t=28.5,322.0679784
T (K) @ t=28.6,322.0681493
T (K) @ t=28.7,322.0683202
T (K) @ t=28.8,322.0684911
T (K) @ t=28.9,322.068662
T (K) @ t=29,322.0688329
T (K) @ t=29.1,322.0690037
T (K) @ t=29.2,322.0691746
T (K) @ t=29.3,322.0693455
T (K) @ t=29.4,322.0695164
T (K) @ t=29.5,322.0696873
T (K) @ t=29.6,322.0698582
T (K) @ t=29.7,322.070029
T (K) @ t=29.8,322.0701999
T (K) @ t=29.9,322.0703708
T (K) @ t=30,322.0705417
T (K) @ t=30.1,322.0707126
T (K) @ t=30.2,322.0708835
T (K) @ t=30.3,322.0710543
T (K) @ t=30.4,322.0712252
T (K) @ t=30.5,322.0713961
T (K) @ t=30.6,322.071567
T (K) @ t=30.7,322.0717379
T (K) @ t=30.8,322.0719088
T (K) @ t=30.9,322.0720797
T (K) @ t=31,322.0722505
T (K) @ t=31.1,322.0724214
T (K) @ t=31.2,322.0725923
T (K) @ t=31.3,322.0727632
T (K) @ t=31.4,322.0729341
T (K) @ t=31.5,322.073105
T (K) @ t=31.6,322.0732758
T (K) @ t=31.7,322.0734467
T (K) @ t=31.8,322.0736176
T (K) @ t=31.9,322.0737885
T (K) @ t=32,322.0739594
T (K) @ t=32.1,322.0741303
T (K) @ t=32.2,322.0743011
T (K) @ t=32.3,322.074472
T (K) @ t=32.4,322.0746429
T (K) @ t=32.5,322.0748138
T (K) @ t=32.6,322.0749847
T (K) @ t=32.7,322.0751556
T (K) @ t=32.8,322.0753264
T (K) @ t=32.9,322.0754973
T (K) @ t=33,322.0756682
T (K) @ t=33.1,322.0758391
T (K) @ t=33.2,322.07601
T (K) @ t=33.3,322.0761809
T (K) @ t=33.4,322.0763517
T (K) @ t=33.5,322.0765226
T (K) @ t=33.6,322.0766935
T (K) @ t=33.7,322.0768644
T (K) @ t=33.8,322.0770353
T (K) @ t=33.9,322.0772062
T (K) @ t=34,322.077377
T (K) @ t=34.1,322.0775479
T (K) @ t=34.2,322.0777188
T (K) @ t=34.3,322.0778067
T (K) @ t=34.4,322.0778946
T (K) @ t=34.5,322.0779826
T (K) @ t=34.6,322.0780705
T (K) @ t=34.7,322.0781584
T (K) @ t=34.8,322.0782463
T (K) @ t=34.9,322.0783342
T (K) @ t=35,322.0784221
T (K) @ t=35.1,322.07851
T (K) @ t=35.2,322.078598
T (K) @ t=35.3,322.0786859
T (K) @ t=35.4,322.0787738
T (K) @ t=35.5,322.0788617
T (K) @ t=35.6,322.0789496
T (K) @ t=35.7,322.0790375
T (K) @ t=35.8,322.0791254
T (K) @ t=35.9,322.0792134
T (K) @ t=36,322.0793013
T (K) @ t=36.1,322.0793892
T (K) @ t=36.2,322.0794771
T (K) @ t=36.3,322.079565
T (K) @ t=36.4,322.0796529
T (K) @ t=36.5,322.0797409
T (K) @ t=36.6,322.0798288
T (K) @ t=36.7,322.0799167
T (K) @ t=36.8,322.0800046
T (K) @ t=36.9,322.0800925
T (K) @ t=37,322.0801804
T (K) @ t=37.1,322.0802683
T (K) @ t=37.2,322.0803563
T (K) @ t=37.3,322.0804442
T (K) @ t=37.4,322.0805321
T (K) @ t=37.5,322.08062
T (K) @ t=37.6,322.0807079
T (K) @ t=37.7,322.0807958
T (K) @ t=37.8,322.0808837
T (K) @ t=37.9,322.0809717
T (K) @ t=38,322.0810596
T (K) @ t=38.1,322.0811475
T (K) @ t=38.2,322.0812354
T (K) @ t=38.3,322.0813233
T (K) @ t=38.4,322.0814112
T (K) @ t=38.5,322.0814991
T (K) @ t=38.6,322.0815871
T (K) @ t=38.7,322.081675
T (K) @ t=38.8,322.0817629
T (K) @ t=38.9,322.0818508
T (K) @ t=39,322.0819387
T (K) @ t=39.1,322.0820266
T (K) @ t=39.2,322.0821146
T (K) @ t=39.3,322.0822025
T (K) @ t=39.4,322.0822904
T (K) @ t=39.5,322.0823783
T (K) @ t=39.6,322.0824662
T (K) @ t=39.7,322.0825541
T (K) @ t=39.8,322.082642
T (K) @ t=39.9,322.08273
T (K) @ t=40,322.0828179
T (K) @ t=40.1,322.0829058
T (K) @ t=40.2,322.0829937
T (K) @ t=40.3,322.0830816
T (K) @ t=40.4,322.0831695
T (K) @ t=40.5,322.0832574
T (K) @ t=40.6,322.0833454
T (K) @ t=40.7,322.0834333
T (K) @ t=40.8,322.0835212
T (K) @ t=40.9,322.0836091
T (K) @ t=41,322.083697
T (K) @ t=41.1,322.0837849
T (K) @ t=41.2,322.0838729
T (K) @ t=41.3,322.0839608
T (K) @ t=41.4,322.0840487
T (K) @ t=41.5,322.0841366
T (K) @ t=41.6,322.0842245
T (K) @ t=41.7,322.0843124
T (K) @ t=41.8,322.0844003
T (K) @ t=41.9,322.0844883
T (K) @ t=42,322.0845762
T (K) @ t=42.1,322.0846641
T (K) @ t=42.2,322.084752
T (K) @ t=42.3,322.0848399
T (K) @ t=42.4,322.0849278
T (K) @ t=42.5,322.0850157
T (K) @ t=42.6,322.0851037
T (K) @ t=42.7,322.0851916
T (K) @ t=42.8,322.0852795
T (K) @ t=42.9,322.0853674
T (K) @ t=43,322.0854553
T (K) @ t=43.1,322.0855432
T (K) @ t=43.2,322.0856311
T (K) @ t=43.3,322.0857191
T (K) @ t=43.4,322.085807
T (K) @ t=43.5,322.0858949
T (K) @ t=43.6,322.0859828
T (K) @ t=43.7,322.0860707
T (K) @ t=43.8,322.0861586
T (K) @ t=43.9,322.0862466
T (K) @ t=44,322.0863345
T (K) @ t=44.1,322.0864224
T (K) @ t=44.2,322.0865103
T (K) @ t=44.3,322.0865982
T (K) @ t=44.4,322.0866861
T (K) @ t=44.5,322.086774
T (K) @ t=44.6,322.086862
T (K) @ t=44.7,322.0869499
T (K) @ t=44.8,322.0870378
T (K) @ t=44.9,322.0871257
T (K) @ t=45,322.0872136
T (K) @ t=45.1,322.0873015
T (K) @ t=45.2,322.0873894
T (K) @ t=45.3,322.0874774
T (K) @ t=45.4,322.0875653
T (K) @ t=45.5,322.0876532
T (K) @ t=45.6,322.0877411
T (K) @ t=45.7,322.087829
T (K) @ t=45.8,322.0879169
T (K) @ t=45.9,322.0880049
T (K) @ t=46,322.0880928
T (K) @ t=46.1,322.0881807
T (K) @ t=46.2,322.0882686
T (K) @ t=46.3,322.0883565
T (K) @ t=46.4,322.0884444
T (K) @ t=46.5,322.0885323
T (K) @ t=46.6,322.0886203
T (K) @ t=46.7,322.0887082
T (K) @ t=46.8,322.0887961
T (K) @ t=46.9,322.088884
T (K) @ t=47,322.0889719
T (K) @ t=47.1,322.0890598
T (K) @ t=47.2,322.0891477
T (K) @ t=47.3,322.0892357
T (K) @ t=47.4,322.0893236
T (K) @ t=47.5,322.0894115
T (K) @ t=47.6,322.0894994
T (K) @ t=47.7,322.0895873
T (K) @ t=47.8,322.0896752
T (K) @ t=47.9,322.0897631
T (K) @ t=48,322.0898511
T (K) @ t=48.1,322.089939
T (K) @ t=48.2,322.0900269
T (K) @ t=48.3,322.0901148
T (K) @ t=48.4,322.0902027
T (K) @ t=48.5,322.0902906
T (K) @ t=48.6,322.0903786
T (K) @ t=48.7,322.0904665
T (K) @ t=48.8,322.0905544
T (K) @ t=48.9,322.0906423
T (K) @ t=49,322.0907302
T (K) @ t=49.1,322.0908181
T (K) @ t=49.2,322.090906
T (K) @ t=49.3,322.0909604
T (K) @ t=49.4,322.0910147
T (K) @ t=49.5,322.091069
T (K) @ t=49.6,322.0911233
T (K) @ t=49.7,322.0911776
T (K) @ t=49.8,322.091232
T (K) @ t=49.9,322.0912863
T (K) @ t=50,322.0913406
T (K) @ t=50.1,322.0913949
T (K) @ t=50.2,322.0914493
T (K) @ t=50.3,322.0915036
T (K) @ t=50.4,322.0915579
T (K) @ t=50.5,322.0916122
T (K) @ t=50.6,322.0916665
T (K) @ t=50.7,322.0917209
T (K) @ t=50.8,322.0917752
T (K) @ t=50.9,322.0918295
T (K) @ t=51,322.0918838
T (K) @ t=51.1,322.0919381
T (K) @ t=51.2,322.0919925
T (K) @ t=51.3,322.0920468
T (K) @ t=51.4,322.0921011
T (K) @ t=51.5,322.0921554
T (K) @ t=51.6,322.0922097
T (K) @ t=51.7,322.0922641
T (K) @ t=51.8,322.0923184
T (K) @ t=51.9,322.0923727
T (K) @ t=52,322.092427
T (K) @ t=52.1,322.0924814
T (K) @ t=52.2,322.0925357
T (K) @ t=52.3,322.09259
T (K) @ t=52.4,322.0926443
T (K) @ t=52.5,322.0926986
T (K) @ t=52.6,322.092753
T (K) @ t=52.7,322.0928073
T (K) @ t=52.8,322.0928616
T (K) @ t=52.9,322.0929159
T (K) @ t=53,322.0929702
T (K) @ t=53.1,322.0930246
T (K) @ t=53.2,322.0930789
T (K) @ t=53.3,322.0931332
T (K) @ t=53.4,322.0931875
T (K) @ t=53.5,322.0932418
T (K) @ t=53.6,322.0932962
T (K) @ t=53.7,322.0933505
T (K) @ t=53.8,322.0934048
T (K) @ t=53.9,322.0934591
T (K) @ t=54,322.0935135
T (K) @ t=54.1,322.0935678
T (K) @ t=54.2,322.0936221
T (K) @ t=54.3,322.0936764
T (K) @ t=54.4,322.0937307
T (K) @ t=54.5,322.0937851
T (K) @ t=54.6,322.0938394
T (K) @ t=54.7,322.0938937
T (K) @ t=54.8,322.093948
T (K) @ t=54.9,322.0940023
T (K) @ t=55,322.0940567
T (K) @ t=55.1,322.094111
T (K) @ t=55.2,322.0941653
T (K) @ t=55.3,322.0942196
T (K) @ t=55.4,322.0942739
T (K) @ t=55.5,322.0943283
T (K) @ t=55.6,322.0943826
T (K) @ t=55.7,322.0944369
T (K) @ t=55.8,322.0944912
T (K) @ t=55.9,322.0945456
T (K) @ t=56,322.0945999
T (K) @ t=56.1,322.0946542
T (K) @ t=56.2,322.0947085
T (K) @ t=56.3,322.0947628
T (K) @ t=56.4,322.0948172
T (K) @ t=56.5,322.0948715
T (K) @ t=56.6,322.0949258
T (K) @ t=56.7,322.0949801
T (K) @ t=56.8,322.0950344
T (K) @ t=56.9,322.0950888
T (K) @ t=57,322.0951431
T (K) @ t=57.1,322.0951974
T (K) @ t=57.2,322.0952517
T (K) @ t=57.3,322.095306
T (K) @ t=57.4,322.0953604
T (K) @ t=57.5,322.0954147
T (K) @ t=57.6,322.095469
T (K) @ t=57.7,322.0955233
T (K) @ t=57.8,322.0955776
T (K) @ t=57.9,322.095632
T (K) @ t=58,322.0956863
T (K) @ t=58.1,322.0957406
T (K) @ t=58.2,322.0957949
T (K) @ t=58.3,322.0958493
T (K) @ t=58.4,322.0959036
T (K) @ t=58.5,322.0959579
T (K) @ t=58.6,322.0960122
T (K) @ t=58.7,322.0960665
T (K) @ t=58.8,322.0961209
T (K) @ t=58.9,322.0961752
T (K) @ t=59,322.0962295
T (K) @ t=59.1,322.0962838
T (K) @ t=59.2,322.0963381
T (K) @ t=59.3,322.0963925
T (K) @ t=59.4,322.0964468
T (K) @ t=59.5,322.0965011
T (K) @ t=59.6,322.0965554
T (K) @ t=59.7,322.0966097
T (K) @ t=59.8,322.0966641
T (K) @ t=59.9,322.0967184
T (K) @ t=60,322.0967727
T (K) @ t=60.1,322.096827
T (K) @ t=60.2,322.0968814
T (K) @ t=60.3,322.0969357
T (K) @ t=60.4,322.09699
T (K) @ t=60.5,322.0970443
T (K) @ t=60.6,322.0970986
T (K) @ t=60.7,322.097153
T (K) @ t=60.8,322.0972073
T (K) @ t=60.9,322.0972616
T (K) @ t=61,322.0973159
T (K) @ t=61.1,322.0973702
T (K) @ t=61.2,322.0974246
T (K) @ t=61.3,322.0974789
T (K) @ t=61.4,322.0975332
T (K) @ t=61.5,322.0975875
T (K) @ t=61.6,322.0976418
T (K) @ t=61.7,322.0976962
T (K) @ t=61.8,322.0977505
T (K) @ t=61.9,322.0978048
T (K) @ t=62,322.0978591
T (K) @ t=62.1,322.0979135
T (K) @ t=62.2,322.0979678
T (K) @ t=62.3,322.0980221
T (K) @ t=62.4,322.0980764
T (K) @ t=62.5,322.0981307
T (K) @ t=62.6,322.0981851
T (K) @ t=62.7,322.0982394
T (K) @ t=62.8,322.0982937
T (K) @ t=62.9,322.098348
T (K) @ t=63,322.0984023
T (K) @ t=63.1,322.0984567
T (K) @ t=63.2,322.098511
T (K) @ t=63.3,322.0985653
T (K) @ t=63.4,322.0986196
T (K) @ t=63.5,322.0986739
T (K) @ t=63.6,322.0987283
T (K) @ t=63.7,322.0987826
T (K) @ t=63.8,322.0988369
T (K) @ t=63.9,322.0988912
T (K) @ t=64,322.0989456
T (K) @ t=64.1,322.0989999
T (K) @ t=64.2,322.0990542
T (K) @ t=64.3,322.0990915
T (K) @ t=64.4,322.0991289
T (K) @ t=64.5,322.0991662
T (K) @ t=64.6,322.0992035
T (K) @ t=64.7,322.0992409
T (K) @ t=64.8,322.0992782
T (K) @ t=64.9,322.0993156
T (K) @ t=65,322.0993529
T (K) @ t=65.1,322.0993902
T (K) @ t=65.2,322.0994276
T (K) @ t=65.3,322.0994649
T (K) @ t=65.4,322.0995022
T (K) @ t=65.5,322.0995396
T (K) @ t=65.6,322.0995769
T (K) @ t=65.7,322.0996143
T (K) @ t=65.8,322.0996516
T (K) @ t=65.9,322.0996889
T (K) @ t=66,322.0997263
T (K) @ t=66.1,322.0997636
T (K) @ t=66.2,322.0998009
T (K) @ t=66.3,322.0998383
T (K) @ t=66.4,322.0998756
T (K) @ t=66.5,322.0999129
T (K) @ t=66.6,322.0999503
T (K) @ t=66.7,322.0999876
T (K) @ t=66.8,322.100025
T (K) @ t=66.9,322.1000623
T (K) @ t=67,322.1000996
T (K) @ t=67.1,322.100137
T (K) @ t=67.2,322.1001743
T (K) @ t=67.3,322.1002116
T (K) @ t=67.4,322.100249
T (K) @ t=67.5,322.1002863
T (K) @ t=67.6,322.1003237
T (K) @ t=67.7,322.100361
T (K) @ t=67.8,322.1003983
T (K) @ t=67.9,322.1004357
T (K) @ t=68,322.100473
T (K) @ t=68.1,322.1005103
T (K) @ t=68.2,322.1005477
T (K) @ t=68.3,322.100585
T (K) @ t=68.4,322.1006224
T (K) @ t=68.5,322.1006597
T (K) @ t=68.6,322.100697
T (K) @ t=68.7,322.1007344
T (K) @ t=68.8,322.1007717
T (K) @ t=68.9,322.100809
T (K) @ t=69,322.1008464
T (K) @ t=69.1,322.1008837
T (K) @ t=69.2,322.100921
T (K) @ t=69.3,322.1009584
T (K) @ t=69.4,322.1009957
T (K) @ t=69.5,322.1010331
T (K) @ t=69.6,322.1010704
T (K) @ t=69.7,322.1011077
T (K) @ t=69.8,322.1011451
T (K) @ t=69.9,322.1011824
T (K) @ t=70,322.1012197
T (K) @ t=70.1,322.1012571
T (K) @ t=70.2,322.1012944
T (K) @ t=70.3,322.1013318
T (K) @ t=70.4,322.1013691
T (K) @ t=70.5,322.1014064
T (K) @ t=70.6,322.1014438
T (K) @ t=70.7,322.1014811
T (K) @ t=70.8,322.1015184
T (K) @ t=70.9,322.1015558
T (K) @ t=71,322.1015931
T (K) @ t=71.1,322.1016305
T (K) @ t=71.2,322.1016678
T (K) @ t=71.3,322.1017051
T (K) @ t=71.4,322.1017425
T (K) @ t=71.5,322.1017798
T (K) @ t=71.6,322.1018171
T (K) @ t=71.7,322.1018545
T (K) @ t=71.8,322.1018918
T (K) @ t=71.9,322.1019292
T (K) @ t=72,322.1019665
T (K) @ t=72.1,322.1020038
T (K) @ t=72.2,322.1020412
T (K) @ t=72.3,322.1020785
T (K) @ t=72.4,322.1021158
T (K) @ t=72.5,322.1021532
T (K) @ t=72.6,322.1021905
T (K) @ t=72.7,322.1022278
T (K) @ t=72.8,322.1022652
T (K) @ t=72.9,322.1023025
T (K) @ t=73,322.1023399
T (K) @ t=73.1,322.1023772
T (K) @ t=73.2,322.1024145
T (K) @ t=73.3,322.1024519
T (K) @ t=73.4,322.1024892
T (K) @ t=73.5,322.1025265
T (K) @ t=73.6,322.1025639
T (K) @ t=73.7,322.1026012
T (K) @ t=73.8,322.1026386
T (K) @ t=73.9,322.1026759
T (K) @ t=74,322.1027132
T (K) @ t=74.1,322.1027506
T (K) @ t=74.2,322.1027879
T (K) @ t=74.3,322.1028252
T (K) @ t=74.4,322.1028626
T (K) @ t=74.5,322.1028999
T (K) @ t=74.6,322.1029373
T (K) @ t=74.7,322.1029746
T (K) @ t=74.8,322.1030119
T (K) @ t=74.9,322.1030493
T (K) @ t=75,322.1030866
T (K) @ t=75.1,322.1031239
T (K) @ t=75.2,322.1031613
T (K) @ t=75.3,322.1031986
T (K) @ t=75.4,322.103236
T (K) @ t=75.5,322.1032733
T (K) @ t=75.6,322.1033106
T (K) @ t=75.7,322.103348
T (K) @ t=75.8,322.1033853
T (K) @ t=75.9,322.1034226
T (K) @ t=76,322.10346
T (K) @ t=76.1,322.1034973
T (K) @ t=76.2,322.1035346
T (K) @ t=76.3,322.103572
T (K) @ t=76.4,322.1036093
T (K) @ t=76.5,322.1036467
T (K) @ t=76.6,322.103684
T (K) @ t=76.7,322.1037213
T (K) @ t=76.8,322.1037587
T (K) @ t=76.9,322.103796
T (K) @ t=77,322.1038333
T (K) @ t=77.1,322.1038707
T (K) @ t=77.2,322.103908
T (K) @ t=77.3,322.1039454
T (K) @ t=77.4,322.1039827
T (K) @ t=77.5,322.10402
T (K) @ t=77.6,322.1040574
T (K) @ t=77.7,322.1040947
T (K) @ t=77.8,322.104132
T (K) @ t=77.9,322.1041694
T (K) @ t=78,322.1042067
T (K) @ t=78.1,322.1042441
T (K) @ t=78.2,322.1042814
T (K) @ t=78.3,322.1043187
T (K) @ t=78.4,322.1043561
T (K) @ t=78.5,322.1043934
T (K) @ t=78.6,322.1044307
T (K) @ t=78.7,322.1044681
T (K) @ t=78.8,322.1045054
T (K) @ t=78.9,322.1045427
T (K) @ t=79,322.1045801
T (K) @ t=79.1,322.1046174
T (K) @ t=79.2,322.1046548
T (K) @ t=79.3,322.1046823
T (K) @ t=79.4,322.1047098
T (K) @ t=79.5,322.1047373
T (K) @ t=79.6,322.1047649
T (K) @ t=79.7,322.1047924
T (K) @ t=79.8,322.1048199
T (K) @ t=79.9,322.1048474
T (K) @ t=80,322.104875
T (K) @ t=80.1,322.1049025
T (K) @ t=80.2,322.10493
T (K) @ t=80.3,322.1049575
T (K) @ t=80.4,322.1049851
T (K) @ t=80.5,322.1050126
T (K) @ t=80.6,322.1050401
T (K) @ t=80.7,322.1050676
T (K) @ t=80.8,322.1050952
T (K) @ t=80.9,322.1051227
T (K) @ t=81,322.1051502
T (K) @ t=81.1,322.1051777
T (K) @ t=81.2,322.1052053
T (K) @ t=81.3,322.1052328
T (K) @ t=81.4,322.1052603
T (K) @ t=81.5,322.1052878
T (K) @ t=81.6,322.1053154
T (K) @ t=81.7,322.1053429
T (K) @ t=81.8,322.1053704
T (K) @ t=81.9,322.1053979
T (K) @ t=82,322.1054255
T (K) @ t=82.1,322.105453
T (K) @ t=82.2,322.1054805
T (K) @ t=82.3,322.105508
T (K) @ t=82.4,322.1055356
T (K) @ t=82.5,322.1055631
T (K) @ t=82.6,322.1055906
T (K) @ t=82.7,322.1056181
T (K) @ t=82.8,322.1056457
T (K) @ t=82.9,322.1056732
T (K) @ t=83,322.1057007
T (K) @ t=83.1,322.1057282
T (K) @ t=83.2,322.1057558
T (K) @ t=83.3,322.1057833
T (K) @ t=83.4,322.1058108
T (K) @ t=83.5,322.1058384
T (K) @ t=83.6,322.1058659
T (K) @ t=83.7,322.1058934
T (K) @ t=83.8,322.1059209
T (K) @ t=83.9,322.1059485
T (K) @ t=84,322.105976
T (K) @ t=84.1,322.1060035
T (K) @ t=84.2,322.106031
T (K) @ t=84.3,322.1060586
T (K) @ t=84.4,322.1060861
T (K) @ t=84.5,322.1061136
T (K) @ t=84.6,322.1061411
T (K) @ t=84.7,322.1061687
T (K) @ t=84.8,322.1061962
T (K) @ t=84.9,322.1062237
T (K) @ t=85,322.1062512
T (K) @ t=85.1,322.1062788
T (K) @ t=85.2,322.1063063
T (K) @ t=85.3,322.1063338
T (K) @ t=85.4,322.1063613
T (K) @ t=85.5,322.1063889
T (K) @ t=85.6,322.1064164
T (K) @ t=85.7,322.1064439
T (K) @ t=85.8,322.1064714
T (K) @ t=85.9,322.106499
T (K) @ t=86,322.1065265
T (K) @ t=86.1,322.106554
T (K) @ t=86.2,322.1065815
T (K) @ t=86.3,322.1066091
T (K) @ t=86.4,322.1066366
T (K) @ t=86.5,322.1066641
T (K) @ t=86.6,322.1066916
T (K) @ t=86.7,322.1067192
T (K) @ t=86.8,322.1067467
T (K) @ t=86.9,322.1067742
T (K) @ t=87,322.1068017
T (K) @ t=87.1,322.1068293
T (K) @ t=87.2,322.1068568
T (K) @ t=87.3,322.1068843
T (K) @ t=87.4,322.1069118
T (K) @ t=87.5,322.1069394
T (K) @ t=87.6,322.1069669
T (K) @ t=87.7,322.1069944
T (K) @ t=87.8,322.1070219
T (K) @ t=87.9,322.1070495
T (K) @ t=88,322.107077
T (K) @ t=88.1,322.1071045
T (K) @ t=88.2,322.107132
T (K) @ t=88.3,322.1071596
T (K) @ t=88.4,322.1071871
T (K) @ t=88.5,322.1072146
T (K) @ t=88.6,322.1072421
T (K) @ t=88.7,322.1072697
T (K) @ t=88.8,322.1072972
T (K) @ t=88.9,322.1073247
T (K) @ t=89,322.1073522
T (K) @ t=89.1,322.1073798
T (K) @ t=89.2,322.1074073
T (K) @ t=89.3,322.1074348
T (K) @ t=89.4,322.1074623
T (K) @ t=89.5,322.1074899
T (K) @ t=89.6,322.1075174
T (K) @ t=89.7,322.1075449
T (K) @ t=89.8,322.1075724
T (K) @ t=89.9,322.1076
T (K) @ t=90,322.1076275
T (K) @ t=90.1,322.107655
T (K) @ t=90.2,322.1076825
T (K) @ t=90.3,322.1077101
T (K) @ t=90.4,322.1077376
T (K) @ t=90.5,322.1077651
T (K) @ t=90.6,322.1077927
T (K) @ t=90.7,322.1078202
T (K) @ t=90.8,322.1078477
T (K) @ t=90.9,322.1078752
T (K) @ t=91,322.1079028
T (K) @ t=91.1,322.1079303
T (K) @ t=91.2,322.1079578
T (K) @ t=91.3,322.1079853
T (K) @ t=91.4,322.1080129
T (K) @ t=91.5,322.1080404
T (K) @ t=91.6,322.1080679
T (K) @ t=91.7,322.1080954
T (K) @ t=91.8,322.108123
T (K) @ t=91.9,322.1081505
T (K) @ t=92,322.108178
T (K) @ t=92.1,322.1082055
T (K) @ t=92.2,322.1082331
T (K) @ t=92.3,322.1082606
T (K) @ t=92.4,322.1082881
T (K) @ t=92.5,322.1083156
T (K) @ t=92.6,322.1083432
T (K) @ t=92.7,322.1083707
T (K) @ t=92.8,322.1083982
T (K) @ t=92.9,322.1084257
T (K) @ t=93,322.1084533
T (K) @ t=93.1,322.1084808
T (K) @ t=93.2,322.1085083
T (K) @ t=93.3,322.1085358
T (K) @ t=93.4,322.1085634
T (K) @ t=93.5,322.1085909
T (K) @ t=93.6,322.1086184
T (K) @ t=93.7,322.1086459
T (K) @ t=93.8,322.1086735
T (K) @ t=93.9,322.108701
T (K) @ t=94,322.1087285
T (K) @ t=94.1,322.108756
T (K) @ t=94.2,322.1087836
T (K) @ t=94.3,322.1088085
T (K) @ t=94.4,322.1088333
T (K) @ t=94.5,322.1088582
T (K) @ t=94.6,322.108883
T (K) @ t=94.7,322.1089077
T (K) @ t=94.8,322.1089325
T (K) @ t=94.9,322.1089572
T (K) @ t=95,322.1089818
T (K) @ t=95.1,322.1090065
T (K) @ t=95.2,322.1090311
T (K) @ t=95.3,322.1090556
T (K) @ t=95.4,322.1090801
T (K) @ t=95.5,322.1091046
T (K) @ t=95.6,322.1091291
T (K) @ t=95.7,322.1091535
T (K) @ t=95.8,322.1091779
T (K) @ t=95.9,322.1092022
T (K) @ t=96,322.1092266
T (K) @ t=96.1,322.1092508
T (K) @ t=96.2,322.1092751
T (K) @ t=96.3,322.1092993
T (K) @ t=96.4,322.1093235
T (K) @ t=96.5,322.1093476
T (K) @ t=96.6,322.1093717
T (K) @ t=96.7,322.1093958
T (K) @ t=96.8,322.1094198
T (K) @ t=96.9,322.1094438
T (K) @ t=97,322.1094678
T (K) @ t=97.1,322.1094917
T (K) @ t=97.2,322.1095156
T (K) @ t=97.3,322.1095395
T (K) @ t=97.4,322.1095633
T (K) @ t=97.5,322.1095871
T (K) @ t=97.6,322.1096109
T (K) @ t=97.7,322.1096346
T (K) @ t=97.8,322.1096583
T (K) @ t=97.9,322.109682
T (K) @ t=98,322.1097056
T (K) @ t=98.1,322.1097292
T (K) @ t=98.2,322.1097527
T (K) @ t=98.3,322.1097762
T (K) @ t=98.4,322.1097997
T (K) @ t=98.5,322.1098232
T (K) @ t=98.6,322.1098466
T (K) @ t=98.7,322.10987
T (K) @ t=98.8,322.1098933
T (K) @ t=98.9,322.1099166
T (K) @ t=99,322.1099399
T (K) @ t=99.1,322.1099631
T (K) @ t=99.2,322.1099863
T (K) @ t=99.3,322.1100095
T (K) @ t=99.4,322.1100327
T (K) @ t=99.5,322.1100558
T (K) @ t=99.6,322.1100788
T (K) @ t=99.7,322.1101019
T (K) @ t=99.8,322.1101249
T (K) @ t=99.9,322.1101478
T (K) @ t=100,322.1101707
T (K) @ t=100.1,322.1101936
T (K) @ t=100.2,322.1102165
T (K) @ t=100.3,322.1102393
T (K) @ t=100.4,322.1102621
T (K) @ t=100.5,322.1102849
T (K) @ t=100.6,322.1103076
T (K) @ t=100.7,322.1103303
T (K) @ t=100.8,322.1103529
T (K) @ t=100.9,322.1103755
T (K) @ t=101,322.1103981
T (K) @ t=101.1,322.1104207
T (K) @ t=101.2,322.1104432
T (K) @ t=101.3,322.1104657
T (K) @ t=101.4,322.1104881
T (K) @ t=101.5,322.1105105
T (K) @ t=101.6,322.1105329
T (K) @ t=101.7,322.1105552
T (K) @ t=101.8,322.1105775
T (K) @ t=101.9,322.1105998
T (K) @ t=102,322.110622
T (K) @ t=102.1,322.1106442
T (K) @ t=102.2,322.1106664
T (K) @ t=102.3,322.1106885
T (K) @ t=102.4,322.1107106
T (K) @ t=102.5,322.1107327
T (K) @ t=102.6,322.1107547
T (K) @ t=102.7,322.1107767
T (K) @ t=102.8,322.1107986
T (K) @ t=102.9,322.1108206
T (K) @ t=103,322.1108425
T (K) @ t=103.1,322.1108643
T (K) @ t=103.2,322.1108861
T (K) @ t=103.3,322.1109079
T (K) @ t=103.4,322.1109297
T (K) @ t=103.5,322.1109514
T (K) @ t=103.6,322.110973
T (K) @ t=103.7,322.1109947
T (K) @ t=103.8,322.1110163
T (K) @ t=103.9,322.1110379
T (K) @ t=104,322.1110594
T (K) @ t=104.1,322.1110809
T (K) @ t=104.2,322.1111024
T (K) @ t=104.3,322.1111238
T (K) @ t=104.4,322.1111452
T (K) @ t=104.5,322.1111666
T (K) @ t=104.6,322.1111879
T (K) @ t=104.7,322.1112092
T (K) @ t=104.8,322.1112305
T (K) @ t=104.9,322.1112517
T (K) @ t=105,322.1112729
T (K) @ t=105.1,322.1112941
T (K) @ t=105.2,322.1113152
T (K) @ t=105.3,322.1113363
T (K) @ t=105.4,322.1113573
T (K) @ t=105.5,322.1113784
T (K) @ t=105.6,322.1113993
T (K) @ t=105.7,322.1114203
T (K) @ t=105.8,322.1114412
T (K) @ t=105.9,322.1114621
T (K) @ t=106,322.1114829
T (K) @ t=106.1,322.1115037
T (K) @ t=106.2,322.1115245
T (K) @ t=106.3,322.1115453
T (K) @ t=106.4,322.111566
T (K) @ t=106.5,322.1115866
T (K) @ t=106.6,322.1116073
T (K) @ t=106.7,322.1116279
T (K) @ t=106.8,322.1116485
T (K) @ t=106.9,322.111669
T (K) @ t=107,322.1116895
T (K) @ t=107.1,322.11171
T (K) @ t=107.2,322.1117304
T (K) @ t=107.3,322.1117508
T (K) @ t=107.4,322.1117711
T (K) @ t=107.5,322.1117915
T (K) @ t=107.6,322.1118118
T (K) @ t=107.7,322.111832
T (K) @ t=107.8,322.1118522
T (K) @ t=107.9,322.1118724
T (K) @ t=108,322.1118926
T (K) @ t=108.1,322.1119127
T (K) @ t=108.2,322.1119328
T (K) @ t=108.3,322.1119528
T (K) @ t=108.4,322.1119728
T (K) @ t=108.5,322.1119928
T (K) @ t=108.6,322.1120128
T (K) @ t=108.7,322.1120327
T (K) @ t=108.8,322.1120525
T (K) @ t=108.9,322.1120724
T (K) @ t=109,322.1120922
T (K) @ t=109.1,322.112112
T (K) @ t=109.2,322.1121317
T (K) @ t=109.3,322.1121519
T (K) @ t=109.4,322.1121721
T (K) @ t=109.5,322.1121923
T (K) @ t=109.6,322.1122125
T (K) @ t=109.7,322.1122326
T (K) @ t=109.8,322.1122527
T (K) @ t=109.9,322.1122728
T (K) @ t=110,322.1122928
T (K) @ t=110.1,322.1123128
T (K) @ t=110.2,322.1123328
T (K) @ t=110.3,322.1123528
T (K) @ t=110.4,322.1123727
T (K) @ t=110.5,322.1123926
T (K) @ t=110.6,322.1124125
T (K) @ t=110.7,322.1124323
T (K) @ t=110.8,322.1124522
T (K) @ t=110.9,322.1124719
T (K) @ t=111,322.1124917
T (K) @ t=111.1,322.1125115
T (K) @ t=111.2,322.1125312
T (K) @ t=111.3,322.1125508
T (K) @ t=111.4,322.1125705
T (K) @ t=111.5,322.1125901
T (K) @ t=111.6,322.1126097
T (K) @ t=111.7,322.1126293
T (K) @ t=111.8,322.1126489
T (K) @ t=111.9,322.1126684
T (K) @ t=112,322.1126879
T (K) @ t=112.1,322.1127073
T (K) @ t=112.2,322.1127268
T (K) @ t=112.3,322.1127462
T (K) @ t=112.4,322.1127655
T (K) @ t=112.5,322.1127849
T (K) @ t=112.6,322.1128042
T (K) @ t=112.7,322.1128235
T (K) @ t=112.8,322.1128428
T (K) @ t=112.9,322.112862
T (K) @ t=113,322.1128812
T (K) @ t=113.1,322.1129004
T (K) @ t=113.2,322.1129196
T (K) @ t=113.3,322.1129387
T (K) @ t=113.4,322.1129578
T (K) @ t=113.5,322.1129769
T (K) @ t=113.6,322.112996
T (K) @ t=113.7,322.113015
T (K) @ t=113.8,322.113034
T (K) @ t=113.9,322.1130529
T (K) @ t=114,322.1130719
T (K) @ t=114.1,322.1130908
T (K) @ t=114.2,322.1131097
T (K) @ t=114.3,322.1131285
T (K) @ t=114.4,322.1131473
T (K) @ t=114.5,322.1131661
T (K) @ t=114.6,322.1131849
T (K) @ t=114.7,322.1132037
T (K) @ t=114.8,322.1132224
T (K) @ t=114.9,322.1132411
T (K) @ t=115,322.1132597
T (K) @ t=115.1,322.1132784
T (K) @ t=115.2,322.113297
T (K) @ t=115.3,322.1133156
T (K) @ t=115.4,322.1133341
T (K) @ t=115.5,322.1133526
T (K) @ t=115.6,322.1133711
T (K) @ t=115.7,322.1133896
T (K) @ t=115.8,322.113408
T (K) @ t=115.9,322.1134265
T (K) @ t=116,322.1134448
T (K) @ t=116.1,322.1134632
T (K) @ t=116.2,322.1134815
T (K) @ t=116.3,322.1134998
T (K) @ t=116.4,322.1135181
T (K) @ t=116.5,322.1135364
T (K) @ t=116.6,322.1135546
T (K) @ t=116.7,322.1135728
T (K) @ t=116.8,322.1135909
T (K) @ t=116.9,322.1136091
T (K) @ t=117,322.1136272
T (K) @ t=117.1,322.1136453
T (K) @ t=117.2,322.1136633
T (K) @ t=117.3,322.1136813
T (K) @ t=117.4,322.1136993
T (K) @ t=117.5,322.1137173
T (K) @ t=117.6,322.1137353
T (K) @ t=117.7,322.1137532
T (K) @ t=117.8,322.1137711
T (K) @ t=117.9,322.1137889
T (K) @ t=118,322.1138068
T (K) @ t=118.1,322.1138246
T (K) @ t=118.2,322.1138423
T (K) @ t=118.3,322.1138601
T (K) @ t=118.4,322.1138778
T (K) @ t=118.5,322.1138955
T (K) @ t=118.6,322.1139132
T (K) @ t=118.7,322.1139308
T (K) @ t=118.8,322.1139484
T (K) @ t=118.9,322.113966
T (K) @ t=119,322.1139836
T (K) @ t=119.1,322.1140011
T (K) @ t=119.2,322.1140186
T (K) @ t=119.3,322.1140361
T (K) @ t=119.4,322.1140535
T (K) @ t=119.5,322.1140709
T (K) @ t=119.6,322.1140883
T (K) @ t=119.7,322.1141057
T (K) @ t=119.8,322.114123
T (K) @ t=119.9,322.1141403
T (K) @ t=120,322.1141576
T (K) @ t=120.1,322.1141749
T (K) @ t=120.2,322.1141921
T (K) @ t=120.3,322.1142093
T (K) @ t=120.4,322.1142265
T (K) @ t=120.5,322.1142436
T (K) @ t=120.6,322.1142607
T (K) @ t=120.7,322.1142778
T (K) @ t=120.8,322.1142949
T (K) @ t=120.9,322.1143119
T (K) @ t=121,322.1143289
T (K) @ t=121.1,322.1143459
T (K) @ t=121.2,322.1143629
T (K) @ t=121.3,322.1143798
T (K) @ t=121.4,322.1143967
T (K) @ t=121.5,322.1144135
T (K) @ t=121.6,322.1144304
T (K) @ t=121.7,322.1144472
T (K) @ t=121.8,322.114464
T (K) @ t=121.9,322.1144807
T (K) @ t=122,322.1144975
T (K) @ t=122.1,322.1145142
T (K) @ t=122.2,322.1145308
T (K) @ t=122.3,322.1145475
T (K) @ t=122.4,322.1145641
T (K) @ t=122.5,322.1145807
T (K) @ t=122.6,322.1145973
T (K) @ t=122.7,322.1146138
T (K) @ t=122.8,322.1146303
T (K) @ t=122.9,322.1146468
T (K) @ t=123,322.1146632
T (K) @ t=123.1,322.1146797
T (K) @ t=123.2,322.1146961
T (K) @ t=123.3,322.1147124
T (K) @ t=123.4,322.1147288
T (K) @ t=123.5,322.1147451
T (K) @ t=123.6,322.1147614
T (K) @ t=123.7,322.1147776
T (K) @ t=123.8,322.1147939
T (K) @ t=123.9,322.1148101
T (K) @ t=124,322.1148262
T (K) @ t=124.1,322.1148424
T (K) @ t=124.2,322.1148585
T (K) @ t=124.3,322.114875
T (K) @ t=124.4,322.1148915
T (K) @ t=124.5,322.1149079
T (K) @ t=124.6,322.1149243
T (K) @ t=124.7,322.1149407
T (K) @ t=124.8,322.1149571
T (K) @ t=124.9,322.1149734
T (K) @ t=125,322.1149898
T (K) @ t=125.1,322.1150061
T (K) @ t=125.2,322.1150223
T (K) @ t=125.3,322.1150386
T (K) @ t=125.4,322.1150548
T (K) @ t=125.5,322.115071
T (K) @ t=125.6,322.1150872
T (K) @ t=125.7,322.1151034
T (K) @ t=125.8,322.1151196
T (K) @ t=125.9,322.1151357
T (K) @ t=126,322.1151518
T (K) @ t=126.1,322.1151679
T (K) @ t=126.2,322.1151839
T (K) @ t=126.3,322.1152
T (K) @ t=126.4,322.115216
T (K) @ t=126.5,322.115232
T (K) @ t=126.6,322.1152479
T (K) @ t=126.7,322.1152639
T (K) @ t=126.8,322.1152798
T (K) @ t=126.9,322.1152957
T (K) @ t=127,322.1153116
T (K) @ t=127.1,322.1153274
T (K) @ t=127.2,322.1153433
T (K) @ t=127.3,322.1153591
T (K) @ t=127.4,322.1153749
T (K) @ t=127.5,322.1153906
T (K) @ t=127.6,322.1154064
T (K) @ t=127.7,322.1154221
T (K) @ t=127.8,322.1154378
T (K) @ t=127.9,322.1154535
T (K) @ t=128,322.1154691
T (K) @ t=128.1,322.1154847
T (K) @ t=128.2,322.1155003
T (K) @ t=128.3,322.1155159
T (K) @ t=128.4,322.1155315
T (K) @ t=128.5,322.115547
T (K) @ t=128.6,322.1155626
T (K) @ t=128.7,322.115578
T (K) @ t=128.8,322.1155935
T (K) @ t=128.9,322.115609
T (K) @ t=129,322.1156244
T (K) @ t=129.1,322.1156398
T (K) @ t=129.2,322.1156552
T (K) @ t=129.3,322.1156706
T (K) @ t=129.4,322.1156859
T (K) @ t=129.5,322.1157012
T (K) @ t=129.6,322.1157165
T (K) @ t=129.7,322.1157318
T (K) @ t=129.8,322.115747
T (K) @ t=129.9,322.1157622
T (K) @ t=130,322.1157774
T (K) @ t=130.1,322.1157926
T (K) @ t=130.2,322.1158078
T (K) @ t=130.3,322.1158229
T (K) @ t=130.4,322.115838
T (K) @ t=130.5,322.1158531
T (K) @ t=130.6,322.1158682
T (K) @ t=130.7,322.1158832
T (K) @ t=130.8,322.1158983
T (K) @ t=130.9,322.1159133
T (K) @ t=131,322.1159283
T (K) @ t=131.1,322.1159432
T (K) @ t=131.2,322.1159581
T (K) @ t=131.3,322.1159731
T (K) @ t=131.4,322.1159879
T (K) @ t=131.5,322.1160028
T (K) @ t=131.6,322.1160177
T (K) @ t=131.7,322.1160325
T (K) @ t=131.8,322.1160473
T (K) @ t=131.9,322.1160621
T (K) @ t=132,322.1160768
T (K) @ t=132.1,322.1160915
T (K) @ t=132.2,322.1161063
T (K) @ t=132.3,322.1161209
T (K) @ t=132.4,322.1161356
T (K) @ t=132.5,322.1161502
T (K) @ t=132.6,322.1161649
T (K) @ t=132.7,322.1161795
T (K) @ t=132.8,322.116194
T (K) @ t=132.9,322.1162086
T (K) @ t=133,322.1162231
T (K) @ t=133.1,322.1162376
T (K) @ t=133.2,322.1162521
T (K) @ t=133.3,322.1162666
T (K) @ t=133.4,322.116281
T (K) @ t=133.5,322.1162954
T (K) @ t=133.6,322.1163098
T (K) @ t=133.7,322.1163242
T (K) @ t=133.8,322.1163386
T (K) @ t=133.9,322.1163529
T (K) @ t=134,322.1163672
T (K) @ t=134.1,322.1163815
T (K) @ t=134.2,322.1163957
T (K) @ t=134.3,322.11641
T (K) @ t=134.4,322.1164242
T (K) @ t=134.5,322.1164384
T (K) @ t=134.6,322.1164526
T (K) @ t=134.7,322.1164667
T (K) @ t=134.8,322.1164808
T (K) @ t=134.9,322.1164949
T (K) @ t=135,322.116509
T (K) @ t=135.1,322.1165231
T (K) @ t=135.2,322.1165371
T (K) @ t=135.3,322.1165511
T (K) @ t=135.4,322.1165651
T (K) @ t=135.5,322.1165791
T (K) @ t=135.6,322.116593
T (K) @ t=135.7,322.116607
T (K) @ t=135.8,322.1166209
T (K) @ t=135.9,322.1166347
T (K) @ t=136,322.1166486
T (K) @ t=136.1,322.1166624
T (K) @ t=136.2,322.1166762
T (K) @ t=136.3,322.11669
T (K) @ t=136.4,322.1167038
T (K) @ t=136.5,322.1167175
T (K) @ t=136.6,322.1167313
T (K) @ t=136.7,322.116745
T (K) @ t=136.8,322.1167586
T (K) @ t=136.9,322.1167723
T (K) @ t=137,322.1167859
T (K) @ t=137.1,322.1167995
T (K) @ t=137.2,322.1168131
T (K) @ t=137.3,322.1168267
T (K) @ t=137.4,322.1168402
T (K) @ t=137.5,322.1168538
T (K) @ t=137.6,322.1168673
T (K) @ t=137.7,322.1168807
T (K) @ t=137.8,322.1168942
T (K) @ t=137.9,322.1169076
T (K) @ t=138,322.116921
T (K) @ t=138.1,322.1169344
T (K) @ t=138.2,322.1169478
T (K) @ t=138.3,322.1169611
T (K) @ t=138.4,322.1169744
T (K) @ t=138.5,322.1169877
T (K) @ t=138.6,322.117001
T (K) @ t=138.7,322.1170142
T (K) @ t=138.8,322.1170275
T (K) @ t=138.9,322.1170407
T (K) @ t=139,322.1170539
T (K) @ t=139.1,322.117067
T (K) @ t=139.2,322.1170802
T (K) @ t=139.3,322.1170937
T (K) @ t=139.4,322.1171072
T (K) @ t=139.5,322.1171207
T (K) @ t=139.6,322.1171342
T (K) @ t=139.7,322.1171476
T (K) @ t=139.8,322.1171611
T (K) @ t=139.9,322.1171745
T (K) @ t=140,322.1171879
T (K) @ t=140.1,322.1172013
T (K) @ t=140.2,322.1172147
T (K) @ t=140.3,322.117228
T (K) @ t=140.4,322.1172414
T (K) @ t=140.5,322.1172547
T (K) @ t=140.6,322.117268
T (K) @ t=140.7,322.1172813
T (K) @ t=140.8,322.1172946
T (K) @ t=140.9,322.1173078
T (K) @ t=141,322.117321
T (K) @ t=141.1,322.1173343
T (K) @ t=141.2,322.1173475
T (K) @ t=141.3,322.1173607
T (K) @ t=141.4,322.1173738
T (K) @ t=141.5,322.117387
T (K) @ t=141.6,322.1174001
T (K) @ t=141.7,322.1174132
T (K) @ t=141.8,322.1174263
T (K) @ t=141.9,322.1174394
T (K) @ t=142,322.1174525
T (K) @ t=142.1,322.1174655
T (K) @ t=142.2,322.1174786
T (K) @ t=142.3,322.1174916
T (K) @ t=142.4,322.1175046
T (K) @ t=142.5,322.1175176
T (K) @ t=142.6,322.1175305
T (K) @ t=142.7,322.1175435
T (K) @ t=142.8,322.1175564
T (K) @ t=142.9,322.1175693
T (K) @ t=143,322.1175822
T (K) @ t=143.1,322.1175951
T (K) @ t=143.2,322.117608
T (K) @ t=143.3,322.1176208
T (K) @ t=143.4,322.1176337
T (K) @ t=143.5,322.1176465
T (K) @ t=143.6,322.1176593
T (K) @ t=143.7,322.1176721
T (K) @ t=143.8,322.1176848
T (K) @ t=143.9,322.1176976
T (K) @ t=144,322.1177103
T (K) @ t=144.1,322.117723
T (K) @ t=144.2,322.1177357
T (K) @ t=144.3,322.1177484
T (K) @ t=144.4,322.117761
T (K) @ t=144.5,322.1177737
T (K) @ t=144.6,322.1177863
T (K) @ t=144.7,322.1177989
T (K) @ t=144.8,322.1178115
T (K) @ t=144.9,322.1178241
T (K) @ t=145,322.1178366
T (K) @ t=145.1,322.1178492
T (K) @ t=145.2,322.1178617
T (K) @ t=145.3,322.1178742
T (K) @ t=145.4,322.1178867
T (K) @ t=145.5,322.1178992
T (K) @ t=145.6,322.1179116
T (K) @ t=145.7,322.1179241
T (K) @ t=145.8,322.1179365
T (K) @ t=145.9,322.1179489
T (K) @ t=146,322.1179613
T (K) @ t=146.1,322.1179736
T (K) @ t=146.2,322.117986
T (K) @ t=146.3,322.1179983
T (K) @ t=146.4,322.1180107
T (K) @ t=146.5,322.118023
T (K) @ t=146.6,322.1180352
T (K) @ t=146.7,322.1180475
T (K) @ t=146.8,322.1180598
T (K) @ t=146.9,322.118072
T (K) @ t=147,322.1180842
T (K) @ t=147.1,322.1180964
T (K) @ t=147.2,322.1181086
T (K) @ t=147.3,322.1181208
T (K) @ t=147.4,322.1181329
T (K) @ t=147.5,322.1181451
T (K) @ t=147.6,322.1181572
T (K) @ t=147.7,322.1181693
T (K) @ t=147.8,322.1181814
T (K) @ t=147.9,322.1181934
T (K) @ t=148,322.1182055
T (K) @ t=148.1,322.1182175
T (K) @ t=148.2,322.1182295
T (K) @ t=148.3,322.1182415
T (K) @ t=148.4,322.1182535
T (K) @ t=148.5,322.1182654
T (K) @ t=148.6,322.1182774
T (K) @ t=148.7,322.1182893
T (K) @ t=148.8,322.1183012
T (K) @ t=148.9,322.1183131
T (K) @ t=149,322.118325
T (K) @ t=149.1,322.1183369
T (K) @ t=149.2,322.1183487
T (K) @ t=149.3,322.1183605
T (K) @ t=149.4,322.1183723
T (K) @ t=149.5,322.1183841
T (K) @ t=149.6,322.1183959
T (K) @ t=149.7,322.1184077
T (K) @ t=149.8,322.1184194
T (K) @ t=149.9,322.1184311
T (K) @ t=150,322.1184429