t,T
T (K) @ t=0,310.15
T (K) @ t=0.1,310.15
T (K) @ t=0.2,310.15
T (K) @ t=0.3,310.15
T (K) @ t=0.4,310.15
T (K) @ t=0.5,310.15
T (K) @ t=0.6,310.15
T (K) @ t=0.7,310.15
T (K) @ t=0.8,310.15
T (K) @ t=0.9,310.15
T (K) @ t=1,310.15
T (K) @ t=1.1,310.15
T (K) @ t=1.2,310.15
T (K) @ t=1.3,310.15
T (K) @ t=1.4,310.15
T (K) @ t=1.5,310.15
T (K) @ t=1.6,310.15
T (K) @ t=1.7,310.15
T (K) @ t=1.8,310.15
T (K) @ t=1.9,310.15
T (K) @ t=2,310.15
T (K) @ t=2.1,310.15
T (K) @ t=2.2,310.15
T (K) @ t=2.3,310.15
T (K) @ t=2.4,310.15
T (K) @ t=2.5,310.15
T (K) @ t=2.6,310.15
T (K) @ t=2.7,310.15
T (K) @ t=2.8,310.15
T (K) @ t=2.9,310.15
T (K) @ t=3,310.15
T (K) @ t=3.1,310.15
T (K) @ t=3.2,310.15
T (K) @ t=3.3,310.15
T (K) @ t=3.4,310.15
T (K) @ t=3.5,310.15
T (K) @ t=3.6,310.15
T (K) @ t=3.7,310.15
T (K) @ t=3.8,310.15
T (K) @ t=3.9,310.15
T (K) @ t=4,310.15
T (K) @ t=4.1,310.15
T (K) @ t=4.2,310.15
T (K) @ t=4.3,310.15
T (K) @ t=4.4,310.15
T (K) @ t=4.5,310.15
T (K) @ t=4.6,310.15
T (K) @ t=4.7,310.15
T (K) @ t=4.8,310.15
T (K) @ t=4.9,310.1500004
T (K) @ t=5,310.1500007
T (K) @ t=5.1,310.1500011
T (K) @ t=5.2,310.1500014
T (K) @ t=5.3,310.1500017
T (K) @ t=5.4,310.1500021
T (K) @ t=5.5,310.1500024
T (K) @ t=5.6,310.1500028
T (K) @ t=5.7,310.1500031
T (K) @ t=5.8,310.1500034
T (K) @ t=5.9,310.1500038
T (K) @ t=6,310.1500041
T (K) @ t=6.1,310.1500045
T (K) @ t=6.2,310.1500048
T (K) @ t=6.3,310.1500052
T (K) @ t=6.4,310.1500055
T (K) @ t=6.5,310.1500058
T (K) @ t=6.6,310.1500062
T (K) @ t=6.7,310.1500065
T (K) @ t=6.8,310.1500069
T (K) @ t=6.9,310.1500072
T (K) @ t=7,310.1500076
T (K) @ t=7.1,310.1500079
T (K) @ t=7.2,310.1500082
T (K) @ t=7.3,310.1500086
T (K) @ t=7.4,310.1500089
T (K) @ t=7.5,310.1500093
T (K) @ t=7.6,310.1500096
T (K) @ t=7.7,310.1500099
T (K) @ t=7.8,310.1500103
T (K) @ t=7.9,310.1500106
T (K) @ t=8,310.150011
T (K) @ t=8.1,310.1500113
T (K) @ t=8.2,310.1500117
T (K) @ t=8.3,310.150012
T (K) @ t=8.4,310.1500123
T (K) @ t=8.5,310.1500127
T (K) @ t=8.6,310.150013
T (K) @ t=8.7,310.1500134
T (K) @ t=8.8,310.1500137
T (K) @ t=8.9,310.1500141
T (K) @ t=9,310.1500144
T (K) @ t=9.1,310.1500147
T (K) @ t=9.2,310.1500151
T (K) @ t=9.3,310.1500154
T (K) @ t=9.4,310.1500158
T (K) @ t=9.5,310.1500161
T (K) @ t=9.6,310.1500164
T (K) @ t=9.7,310.1500318
T (K) @ t=9.8,310.1500471
T (K) @ t=9.9,310.1500625
T (K) @ t=10,310.1500778
T (K) @ t=10.1,310.1500931
T (K) @ t=10.2,310.1501085
T (K) @ t=10.3,310.1501238
T (K) @ t=10.4,310.1501391
T (K) @ t=10.5,310.1501545
T (K) @ t=10.6,310.1501698
T (K) @ t=10.7,310.1501851
T (K) @ t=10.8,310.1502005
T (K) @ t=10.9,310.1502158
T (K) @ t=11,310.1502311
T (K) @ t=11.1,310.1502465
T (K) @ t=11.2,310.1502618
T (K) @ t=11.3,310.1502771
T (K) @ t=11.4,310.1502925
T (K) @ t=11.5,310.1503078
T (K) @ t=11.6,310.1503231
T (K) @ t=11.7,310.1503385
T (K) @ t=11.8,310.1503538
T (K) @ t=11.9,310.1503691
T (K) @ t=12,310.1503845
T (K) @ t=12.1,310.1503998
T (K) @ t=12.2,310.1504151
T (K) @ t=12.3,310.1504305
T (K) @ t=12.4,310.1504458
T (K) @ t=12.5,310.1504611
T (K) @ t=12.6,310.1504765
T (K) @ t=12.7,310.1504918
T (K) @ t=12.8,310.1505071
T (K) @ t=12.9,310.1505225
T (K) @ t=13,310.1505378
T (K) @ t=13.1,310.1505531
T (K) @ t=13.2,310.1505685
T (K) @ t=13.3,310.1505838
T (K) @ t=13.4,310.1505991
T (K) @ t=13.5,310.1506145
T (K) @ t=13.6,310.1506298
T (K) @ t=13.7,310.1506451
T (K) @ t=13.8,310.1506605
T (K) @ t=13.9,310.1506758
T (K) @ t=14,310.1506911
T (K) @ t=14.1,310.1507065
T (K) @ t=14.2,310.1507218
T (K) @ t=14.3,310.1507371
T (K) @ t=14.4,310.1507525
T (K) @ t=14.5,310.1507678
T (K) @ t=14.6,310.1507831
T (K) @ t=14.7,310.1507985
T (K) @ t=14.8,310.1508138
T (K) @ t=14.9,310.1508291
T (K) @ t=15,310.1508445
T (K) @ t=15.1,310.1508598
T (K) @ t=15.2,310.1508751
T (K) @ t=15.3,310.1508905
T (K) @ t=15.4,310.1509058
T (K) @ t=15.5,310.1509211
T (K) @ t=15.6,310.1509365
T (K) @ t=15.7,310.1509518
T (K) @ t=15.8,310.1509671
T (K) @ t=15.9,310.1509825
T (K) @ t=16,310.1509978
T (K) @ t=16.1,310.1510131
T (K) @ t=16.2,310.1510285
T (K) @ t=16.3,310.1510438
T (K) @ t=16.4,310.1510591
T (K) @ t=16.5,310.1510745
T (K) @ t=16.6,310.1510898
T (K) @ t=16.7,310.1511051
T (K) @ t=16.8,310.1511205
T (K) @ t=16.9,310.1511358
T (K) @ t=17,310.1511511
T (K) @ t=17.1,310.1511665
T (K) @ t=17.2,310.1511818
T (K) @ t=17.3,310.1511971
T (K) @ t=17.4,310.1512125
T (K) @ t=17.5,310.1512278
T (K) @ t=17.6,310.1512431
T (K) @ t=17.7,310.1512585
T (K) @ t=17.8,310.1512738
T (K) @ t=17.9,310.1512891
T (K) @ t=18,310.1513045
T (K) @ t=18.1,310.1513198
T (K) @ t=18.2,310.1513351
T (K) @ t=18.3,310.1513505
T (K) @ t=18.4,310.1513658
T (K) @ t=18.5,310.1513811
T (K) @ t=18.6,310.1513965
T (K) @ t=18.7,310.1514118
T (K) @ t=18.8,310.1514271
T (K) @ t=18.9,310.1514425
T (K) @ t=19,310.1514578
T (K) @ t=19.1,310.1514731
T (K) @ t=19.2,310.1514885
T (K) @ t=19.3,310.1516079
T (K) @ t=19.4,310.1517273
T (K) @ t=19.5,310.1518467
T (K) @ t=19.6,310.1519662
T (K) @ t=19.7,310.1520856
T (K) @ t=19.8,310.152205
T (K) @ t=19.9,310.1523244
T (K) @ t=20,310.1524438
T (K) @ t=20.1,310.1525633
T (K) @ t=20.2,310.1526827
T (K) @ t=20.3,310.1528021
T (K) @ t=20.4,310.1529215
T (K) @ t=20.5,310.1530409
T (K) @ t=20.6,310.1531604
T (K) @ t=20.7,310.1532798
T (K) @ t=20.8,310.1533992
T (K) @ t=20.9,310.1535186
T (K) @ t=21,310.153638
T (K) @ t=21.1,310.1537575
T (K) @ t=21.2,310.1538769
T (K) @ t=21.3,310.1539963
T (K) @ t=21.4,310.1541157
T (K) @ t=21.5,310.1542351
T (K) @ t=21.6,310.1543546
T (K) @ t=21.7,310.154474
T (K) @ t=21.8,310.1545934
T (K) @ t=21.9,310.1547128
T (K) @ t=22,310.1548322
T (K) @ t=22.1,310.1549516
T (K) @ t=22.2,310.1550711
T (K) @ t=22.3,310.1551905
T (K) @ t=22.4,310.1553099
T (K) @ t=22.5,310.1554293
T (K) @ t=22.6,310.1555487
T (K) @ t=22.7,310.1556682
T (K) @ t=22.8,310.1557876
T (K) @ t=22.9,310.155907
T (K) @ t=23,310.1560264
T (K) @ t=23.1,310.1561458
T (K) @ t=23.2,310.1562653
T (K) @ t=23.3,310.1563847
T (K) @ t=23.4,310.1565041
T (K) @ t=23.5,310.1566235
T (K) @ t=23.6,310.1567429
T (K) @ t=23.7,310.1568624
T (K) @ t=23.8,310.1569818
T (K) @ t=23.9,310.1571012
T (K) @ t=24,310.1572206
T (K) @ t=24.1,310.15734
T (K) @ t=24.2,310.1574595
T (K) @ t=24.3,310.1575789
T (K) @ t=24.4,310.1576983
T (K) @ t=24.5,310.1578177
T (K) @ t=24.6,310.1579371
T (K) @ t=24.7,310.1580566
T (K) @ t=24.8,310.158176
T (K) @ t=24.9,310.1582954
T (K) @ t=25,310.1584148
T (K) @ t=25.1,310.1585342
T (K) @ t=25.2,310.1586537
T (K) @ t=25.3,310.1587731
T (K) @ t=25.4,310.1588925
T (K) @ t=25.5,310.1590119
T (K) @ t=25.6,310.1591313
T (K) @ t=25.7,310.1592508
T (K) @ t=25.8,310.1593702
T (K) @ t=25.9,310.1594896
T (K) @ t=26,310.159609
T (K) @ t=26.1,310.1597284
T (K) @ t=26.2,310.1598479
T (K) @ t=26.3,310.1599673
T (K) @ t=26.4,310.1600867
T (K) @ t=26.5,310.1602061
T (K) @ t=26.6,310.1603255
T (K) @ t=26.7,310.160445
T (K) @ t=26.8,310.1605644
T (K) @ t=26.9,310.1606838
T (K) @ t=27,310.1608032
T (K) @ t=27.1,310.1609226
T (K) @ t=27.2,310.161042
T (K) @ t=27.3,310.1611615
T (K) @ t=27.4,310.1612809
T (K) @ t=27.5,310.1614003
T (K) @ t=27.6,310.1615197
T (K) @ t=27.7,310.1616391
T (K) @ t=27.8,310.1617586
T (K) @ t=27.9,310.161878
T (K) @ t=28,310.1619974
T (K) @ t=28.1,310.1621168
T (K) @ t=28.2,310.1622362
T (K) @ t=28.3,310.1623557
T (K) @ t=28.4,310.1624751
T (K) @ t=28.5,310.1625945
T (K) @ t=28.6,310.1627139
T (K) @ t=28.7,310.1628333
T (K) @ t=28.8,310.1629528
T (K) @ t=28.9,310.1630722
T (K) @ t=29,310.1631916
T (K) @ t=29.1,310.163311
T (K) @ t=29.2,310.1634304
T (K) @ t=29.3,310.1635499
T (K) @ t=29.4,310.1636693
T (K) @ t=29.5,310.1637887
T (K) @ t=29.6,310.1639081
T (K) @ t=29.7,310.1640275
T (K) @ t=29.8,310.164147
T (K) @ t=29.9,310.1642664
T (K) @ t=30,310.1643858
T (K) @ t=30.1,310.1645052
T (K) @ t=30.2,310.1646246
T (K) @ t=30.3,310.1647441
T (K) @ t=30.4,310.1648635
T (K) @ t=30.5,310.1649829
T (K) @ t=30.6,310.1651023
T (K) @ t=30.7,310.1652217
T (K) @ t=30.8,310.1653412
T (K) @ t=30.9,310.1654606
T (K) @ t=31,310.16558
T (K) @ t=31.1,310.1656994
T (K) @ t=31.2,310.1658188
T (K) @ t=31.3,310.1659383
T (K) @ t=31.4,310.1660577
T (K) @ t=31.5,310.1661771
T (K) @ t=31.6,310.1662965
T (K) @ t=31.7,310.1664159
T (K) @ t=31.8,310.1665354
T (K) @ t=31.9,310.1666548
T (K) @ t=32,310.1667742
T (K) @ t=32.1,310.1668936
T (K) @ t=32.2,310.167013
T (K) @ t=32.3,310.1671324
T (K) @ t=32.4,310.1672519
T (K) @ t=32.5,310.1673713
T (K) @ t=32.6,310.1674907
T (K) @ t=32.7,310.1676101
T (K) @ t=32.8,310.1677295
T (K) @ t=32.9,310.167849
T (K) @ t=33,310.1679684
T (K) @ t=33.1,310.1680878
T (K) @ t=33.2,310.1682072
T (K) @ t=33.3,310.1683266
T (K) @ t=33.4,310.1684461
T (K) @ t=33.5,310.1685655
T (K) @ t=33.6,310.1686849
T (K) @ t=33.7,310.1688043
T (K) @ t=33.8,310.1689237
T (K) @ t=33.9,310.1690432
T (K) @ t=34,310.1691626
T (K) @ t=34.1,310.169282
T (K) @ t=34.2,310.1694014
T (K) @ t=34.3,310.1697097
T (K) @ t=34.4,310.1700179
T (K) @ t=34.5,310.1703262
T (K) @ t=34.6,310.1706344
T (K) @ t=34.7,310.1709427
T (K) @ t=34.8,310.1712509
T (K) @ t=34.9,310.1715591
T (K) @ t=35,310.1718674
T (K) @ t=35.1,310.1721756
T (K) @ t=35.2,310.1724839
T (K) @ t=35.3,310.1727921
T (K) @ t=35.4,310.1731004
T (K) @ t=35.5,310.1734086
T (K) @ t=35.6,310.1737169
T (K) @ t=35.7,310.1740251
T (K) @ t=35.8,310.1743334
T (K) @ t=35.9,310.1746416
T (K) @ t=36,310.1749499
T (K) @ t=36.1,310.1752581
T (K) @ t=36.2,310.1755664
T (K) @ t=36.3,310.1758746
T (K) @ t=36.4,310.1761829
T (K) @ t=36.5,310.1764911
T (K) @ t=36.6,310.1767993
T (K) @ t=36.7,310.1771076
T (K) @ t=36.8,310.1774158
T (K) @ t=36.9,310.1777241
T (K) @ t=37,310.1780323
T (K) @ t=37.1,310.1783406
T (K) @ t=37.2,310.1786488
T (K) @ t=37.3,310.1789571
T (K) @ t=37.4,310.1792653
T (K) @ t=37.5,310.1795736
T (K) @ t=37.6,310.1798818
T (K) @ t=37.7,310.1801901
T (K) @ t=37.8,310.1804983
T (K) @ t=37.9,310.1808066
T (K) @ t=38,310.1811148
T (K) @ t=38.1,310.181423
T (K) @ t=38.2,310.1817313
T (K) @ t=38.3,310.1820395
T (K) @ t=38.4,310.1823478
T (K) @ t=38.5,310.182656
T (K) @ t=38.6,310.1829643
T (K) @ t=38.7,310.1832725
T (K) @ t=38.8,310.1835808
T (K) @ t=38.9,310.183889
T (K) @ t=39,310.1841973
T (K) @ t=39.1,310.1845055
T (K) @ t=39.2,310.1848138
T (K) @ t=39.3,310.185122
T (K) @ t=39.4,310.1854303
T (K) @ t=39.5,310.1857385
T (K) @ t=39.6,310.1860467
T (K) @ t=39.7,310.186355
T (K) @ t=39.8,310.1866632
T (K) @ t=39.9,310.1869715
T (K) @ t=40,310.1872797
T (K) @ t=40.1,310.187588
T (K) @ t=40.2,310.1878962
T (K) @ t=40.3,310.1882045
T (K) @ t=40.4,310.1885127
T (K) @ t=40.5,310.188821
T (K) @ t=40.6,310.1891292
T (K) @ t=40.7,310.1894375
T (K) @ t=40.8,310.1897457
T (K) @ t=40.9,310.190054
T (K) @ t=41,310.1903622
T (K) @ t=41.1,310.1906704
T (K) @ t=41.2,310.1909787
T (K) @ t=41.3,310.1912869
T (K) @ t=41.4,310.1915952
T (K) @ t=41.5,310.1919034
T (K) @ t=41.6,310.1922117
T (K) @ t=41.7,310.1925199
T (K) @ t=41.8,310.1928282
T (K) @ t=41.9,310.1931364
T (K) @ t=42,310.1934447
T (K) @ t=42.1,310.1937529
T (K) @ t=42.2,310.1940612
T (K) @ t=42.3,310.1943694
T (K) @ t=42.4,310.1946777
T (K) @ t=42.5,310.1949859
T (K) @ t=42.6,310.1952942
T (K) @ t=42.7,310.1956024
T (K) @ t=42.8,310.1959106
T (K) @ t=42.9,310.1962189
T (K) @ t=43,310.1965271
T (K) @ t=43.1,310.1968354
T (K) @ t=43.2,310.1971436
T (K) @ t=43.3,310.1974519
T (K) @ t=43.4,310.1977601
T (K) @ t=43.5,310.1980684
T (K) @ t=43.6,310.1983766
T (K) @ t=43.7,310.1986849
T (K) @ t=43.8,310.1989931
T (K) @ t=43.9,310.1993014
T (K) @ t=44,310.1996096
T (K) @ t=44.1,310.1999179
T (K) @ t=44.2,310.2002261
T (K) @ t=44.3,310.2005343
T (K) @ t=44.4,310.2008426
T (K) @ t=44.5,310.2011508
T (K) @ t=44.6,310.2014591
T (K) @ t=44.7,310.2017673
T (K) @ t=44.8,310.2020756
T (K) @ t=44.9,310.2023838
T (K) @ t=45,310.2026921
T (K) @ t=45.1,310.2030003
T (K) @ t=45.2,310.2033086
T (K) @ t=45.3,310.2036168
T (K) @ t=45.4,310.2039251
T (K) @ t=45.5,310.2042333
T (K) @ t=45.6,310.2045416
T (K) @ t=45.7,310.2048498
T (K) @ t=45.8,310.205158
T (K) @ t=45.9,310.2054663
T (K) @ t=46,310.2057745
T (K) @ t=46.1,310.2060828
T (K) @ t=46.2,310.206391
T (K) @ t=46.3,310.2066993
T (K) @ t=46.4,310.2070075
T (K) @ t=46.5,310.2073158
T (K) @ t=46.6,310.207624
T (K) @ t=46.7,310.2079323
T (K) @ t=46.8,310.2082405
T (K) @ t=46.9,310.2085488
T (K) @ t=47,310.208857
T (K) @ t=47.1,310.2091653
T (K) @ t=47.2,310.2094735
T (K) @ t=47.3,310.2097817
T (K) @ t=47.4,310.21009
T (K) @ t=47.5,310.2103982
T (K) @ t=47.6,310.2107065
T (K) @ t=47.7,310.2110147
T (K) @ t=47.8,310.211323
T (K) @ t=47.9,310.2116312
T (K) @ t=48,310.2119395
T (K) @ t=48.1,310.2122477
T (K) @ t=48.2,310.212556
T (K) @ t=48.3,310.2128642
T (K) @ t=48.4,310.2131725
T (K) @ t=48.5,310.2134807
T (K) @ t=48.6,310.213789
T (K) @ t=48.7,310.2140972
T (K) @ t=48.8,310.2144054
T (K) @ t=48.9,310.2147137
T (K) @ t=49,310.2150219
T (K) @ t=49.1,310.2153302
T (K) @ t=49.2,310.2156384
T (K) @ t=49.3,310.2161925
T (K) @ t=49.4,310.2167466
T (K) @ t=49.5,310.2173006
T (K) @ t=49.6,310.2178547
T (K) @ t=49.7,310.2184088
T (K) @ t=49.8,310.2189628
T (K) @ t=49.9,310.2195169
T (K) @ t=50,310.2200709
T (K) @ t=50.1,310.220625
T (K) @ t=50.2,310.2211791
T (K) @ t=50.3,310.2217331
T (K) @ t=50.4,310.2222872
T (K) @ t=50.5,310.2228413
T (K) @ t=50.6,310.2233953
T (K) @ t=50.7,310.2239494
T (K) @ t=50.8,310.2245034
T (K) @ t=50.9,310.2250575
T (K) @ t=51,310.2256116
T (K) @ t=51.1,310.2261656
T (K) @ t=51.2,310.2267197
T (K) @ t=51.3,310.2272738
T (K) @ t=51.4,310.2278278
T (K) @ t=51.5,310.2283819
T (K) @ t=51.6,310.2289359
T (K) @ t=51.7,310.22949
T (K) @ t=51.8,310.2300441
T (K) @ t=51.9,310.2305981
T (K) @ t=52,310.2311522
T (K) @ t=52.1,310.2317063
T (K) @ t=52.2,310.2322603
T (K) @ t=52.3,310.2328144
T (K) @ t=52.4,310.2333684
T (K) @ t=52.5,310.2339225
T (K) @ t=52.6,310.2344766
T (K) @ t=52.7,310.2350306
T (K) @ t=52.8,310.2355847
T (K) @ t=52.9,310.2361388
T (K) @ t=53,310.2366928
T (K) @ t=53.1,310.2372469
T (K) @ t=53.2,310.2378009
T (K) @ t=53.3,310.238355
T (K) @ t=53.4,310.2389091
T (K) @ t=53.5,310.2394631
T (K) @ t=53.6,310.2400172
T (K) @ t=53.7,310.2405713
T (K) @ t=53.8,310.2411253
T (K) @ t=53.9,310.2416794
T (K) @ t=54,310.2422334
T (K) @ t=54.1,310.2427875
T (K) @ t=54.2,310.2433416
T (K) @ t=54.3,310.2438956
T (K) @ t=54.4,310.2444497
T (K) @ t=54.5,310.2450038
T (K) @ t=54.6,310.2455578
T (K) @ t=54.7,310.2461119
T (K) @ t=54.8,310.246666
T (K) @ t=54.9,310.24722
T (K) @ t=55,310.2477741
T (K) @ t=55.1,310.2483281
T (K) @ t=55.2,310.2488822
T (K) @ t=55.3,310.2494363
T (K) @ t=55.4,310.2499903
T (K) @ t=55.5,310.2505444
T (K) @ t=55.6,310.2510985
T (K) @ t=55.7,310.2516525
T (K) @ t=55.8,310.2522066
T (K) @ t=55.9,310.2527606
T (K) @ t=56,310.2533147
T (K) @ t=56.1,310.2538688
T (K) @ t=56.2,310.2544228
T (K) @ t=56.3,310.2549769
T (K) @ t=56.4,310.255531
T (K) @ t=56.5,310.256085
T (K) @ t=56.6,310.2566391
T (K) @ t=56.7,310.2571931
T (K) @ t=56.8,310.2577472
T (K) @ t=56.9,310.2583013
T (K) @ t=57,310.2588553
T (K) @ t=57.1,310.2594094
T (K) @ t=57.2,310.2599635
T (K) @ t=57.3,310.2605175
T (K) @ t=57.4,310.2610716
T (K) @ t=57.5,310.2616256
T (K) @ t=57.6,310.2621797
T (K) @ t=57.7,310.2627338
T (K) @ t=57.8,310.2632878
T (K) @ t=57.9,310.2638419
T (K) @ t=58,310.264396
T (K) @ t=58.1,310.26495
T (K) @ t=58.2,310.2655041
T (K) @ t=58.3,310.2660581
T (K) @ t=58.4,310.2666122
T (K) @ t=58.5,310.2671663
T (K) @ t=58.6,310.2677203
T (K) @ t=58.7,310.2682744
T (K) @ t=58.8,310.2688285
T (K) @ t=58.9,310.2693825
T (K) @ t=59,310.2699366
T (K) @ t=59.1,310.2704906
T (K) @ t=59.2,310.2710447
T (K) @ t=59.3,310.2715988
T (K) @ t=59.4,310.2721528
T (K) @ t=59.5,310.2727069
T (K) @ t=59.6,310.273261
T (K) @ t=59.7,310.273815
T (K) @ t=59.8,310.2743691
T (K) @ t=59.9,310.2749231
T (K) @ t=60,310.2754772
T (K) @ t=60.1,310.2760313
T (K) @ t=60.2,310.2765853
T (K) @ t=60.3,310.2771394
T (K) @ t=60.4,310.2776935
T (K) @ t=60.5,310.2782475
T (K) @ t=60.6,310.2788016
T (K) @ t=60.7,310.2793557
T (K) @ t=60.8,310.2799097
T (K) @ t=60.9,310.2804638
T (K) @ t=61,310.2810178
T (K) @ t=61.1,310.2815719
T (K) @ t=61.2,310.282126
T (K) @ t=61.3,310.28268
T (K) @ t=61.4,310.2832341
T (K) @ t=61.5,310.2837882
T (K) @ t=61.6,310.2843422
T (K) @ t=61.7,310.2848963
T (K) @ t=61.8,310.2854503
T (K) @ t=61.9,310.2860044
T (K) @ t=62,310.2865585
T (K) @ t=62.1,310.2871125
T (K) @ t=62.2,310.2876666
T (K) @ t=62.3,310.2882207
T (K) @ t=62.4,310.2887747
T (K) @ t=62.5,310.2893288
T (K) @ t=62.6,310.2898828
T (K) @ t=62.7,310.2904369
T (K) @ t=62.8,310.290991
T (K) @ t=62.9,310.291545
T (K) @ t=63,310.2920991
T (K) @ t=63.1,310.2926532
T (K) @ t=63.2,310.2932072
T (K) @ t=63.3,310.2937613
T (K) @ t=63.4,310.2943153
T (K) @ t=63.5,310.2948694
T (K) @ t=63.6,310.2954235
T (K) @ t=63.7,310.2959775
T (K) @ t=63.8,310.2965316
T (K) @ t=63.9,310.2970857
T (K) @ t=64,310.2976397
T (K) @ t=64.1,310.2981938
T (K) @ t=64.2,310.2987478
T (K) @ t=64.3,310.299567
T (K) @ t=64.4,310.3003861
T (K) @ t=64.5,310.3012053
T (K) @ t=64.6,310.3020244
T (K) @ t=64.7,310.3028435
T (K) @ t=64.8,310.3036627
T (K) @ t=64.9,310.3044818
T (K) @ t=65,310.3053009
T (K) @ t=65.1,310.3061201
T (K) @ t=65.2,310.3069392
T (K) @ t=65.3,310.3077583
T (K) @ t=65.4,310.3085775
T (K) @ t=65.5,310.3093966
T (K) @ t=65.6,310.3102157
T (K) @ t=65.7,310.3110349
T (K) @ t=65.8,310.311854
T (K) @ t=65.9,310.3126731
T (K) @ t=66,310.3134923
T (K) @ t=66.1,310.3143114
T (K) @ t=66.2,310.3151305
T (K) @ t=66.3,310.3159497
T (K) @ t=66.4,310.3167688
T (K) @ t=66.5,310.317588
T (K) @ t=66.6,310.3184071
T (K) @ t=66.7,310.3192262
T (K) @ t=66.8,310.3200454
T (K) @ t=66.9,310.3208645
T (K) @ t=67,310.3216836
T (K) @ t=67.1,310.3225028
T (K) @ t=67.2,310.3233219
T (K) @ t=67.3,310.324141
T (K) @ t=67.4,310.3249602
T (K) @ t=67.5,310.3257793
T (K) @ t=67.6,310.3265984
T (K) @ t=67.7,310.3274176
T (K) @ t=67.8,310.3282367
T (K) @ t=67.9,310.3290558
T (K) @ t=68,310.329875
T (K) @ t=68.1,310.3306941
T (K) @ t=68.2,310.3315133
T (K) @ t=68.3,310.3323324
T (K) @ t=68.4,310.3331515
T (K) @ t=68.5,310.3339707
T (K) @ t=68.6,310.3347898
T (K) @ t=68.7,310.3356089
T (K) @ t=68.8,310.3364281
T (K) @ t=68.9,310.3372472
T (K) @ t=69,310.3380663
T (K) @ t=69.1,310.3388855
T (K) @ t=69.2,310.3397046
T (K) @ t=69.3,310.3405237
T (K) @ t=69.4,310.3413429
T (K) @ t=69.5,310.342162
T (K) @ t=69.6,310.3429811
T (K) @ t=69.7,310.3438003
T (K) @ t=69.8,310.3446194
T (K) @ t=69.9,310.3454385
T (K) @ t=70,310.3462577
T (K) @ t=70.1,310.3470768
T (K) @ t=70.2,310.347896
T (K) @ t=70.3,310.3487151
T (K) @ t=70.4,310.3495342
T (K) @ t=70.5,310.3503534
T (K) @ t=70.6,310.3511725
T (K) @ t=70.7,310.3519916
T (K) @ t=70.8,310.3528108
T (K) @ t=70.9,310.3536299
T (K) @ t=71,310.354449
T (K) @ t=71.1,310.3552682
T (K) @ t=71.2,310.3560873
T (K) @ t=71.3,310.3569064
T (K) @ t=71.4,310.3577256
T (K) @ t=71.5,310.3585447
T (K) @ t=71.6,310.3593638
T (K) @ t=71.7,310.360183
T (K) @ t=71.8,310.3610021
T (K) @ t=71.9,310.3618212
T (K) @ t=72,310.3626404
T (K) @ t=72.1,310.3634595
T (K) @ t=72.2,310.3642787
T (K) @ t=72.3,310.3650978
T (K) @ t=72.4,310.3659169
T (K) @ t=72.5,310.3667361
T (K) @ t=72.6,310.3675552
T (K) @ t=72.7,310.3683743
T (K) @ t=72.8,310.3691935
T (K) @ t=72.9,310.3700126
T (K) @ t=73,310.3708317
T (K) @ t=73.1,310.3716509
T (K) @ t=73.2,310.37247
T (K) @ t=73.3,310.3732891
T (K) @ t=73.4,310.3741083
T (K) @ t=73.5,310.3749274
T (K) @ t=73.6,310.3757465
T (K) @ t=73.7,310.3765657
T (K) @ t=73.8,310.3773848
T (K) @ t=73.9,310.3782039
T (K) @ t=74,310.3790231
T (K) @ t=74.1,310.3798422
T (K) @ t=74.2,310.3806614
T (K) @ t=74.3,310.3814805
T (K) @ t=74.4,310.3822996
T (K) @ t=74.5,310.3831188
T (K) @ t=74.6,310.3839379
T (K) @ t=74.7,310.384757
T (K) @ t=74.8,310.3855762
T (K) @ t=74.9,310.3863953
T (K) @ t=75,310.3872144
T (K) @ t=75.1,310.3880336
T (K) @ t=75.2,310.3888527
T (K) @ t=75.3,310.3896718
T (K) @ t=75.4,310.390491
T (K) @ t=75.5,310.3913101
T (K) @ t=75.6,310.3921292
T (K) @ t=75.7,310.3929484
T (K) @ t=75.8,310.3937675
T (K) @ t=75.9,310.3945867
T (K) @ t=76,310.3954058
T (K) @ t=76.1,310.3962249
T (K) @ t=76.2,310.3970441
T (K) @ t=76.3,310.3978632
T (K) @ t=76.4,310.3986823
T (K) @ t=76.5,310.3995015
T (K) @ t=76.6,310.4003206
T (K) @ t=76.7,310.4011397
T (K) @ t=76.8,310.4019589
T (K) @ t=76.9,310.402778
T (K) @ t=77,310.4035971
T (K) @ t=77.1,310.4044163
T (K) @ t=77.2,310.4052354
T (K) @ t=77.3,310.4060545
T (K) @ t=77.4,310.4068737
T (K) @ t=77.5,310.4076928
T (K) @ t=77.6,310.4085119
T (K) @ t=77.7,310.4093311
T (K) @ t=77.8,310.4101502
T (K) @ t=77.9,310.4109694
T (K) @ t=78,310.4117885
T (K) @ t=78.1,310.4126076
T (K) @ t=78.2,310.4134268
T (K) @ t=78.3,310.4142459
T (K) @ t=78.4,310.415065
T (K) @ t=78.5,310.4158842
T (K) @ t=78.6,310.4167033
T (K) @ t=78.7,310.4175224
T (K) @ t=78.8,310.4183416
T (K) @ t=78.9,310.4191607
T (K) @ t=79,310.4199798
T (K) @ t=79.1,310.420799
T (K) @ t=79.2,310.4216181
T (K) @ t=79.3,310.4226901
T (K) @ t=79.4,310.4237622
T (K) @ t=79.5,310.4248342
T (K) @ t=79.6,310.4259062
T (K) @ t=79.7,310.4269783
T (K) @ t=79.8,310.4280503
T (K) @ t=79.9,310.4291224
T (K) @ t=80,310.4301944
T (K) @ t=80.1,310.4312664
T (K) @ t=80.2,310.4323385
T (K) @ t=80.3,310.4334105
T (K) @ t=80.4,310.4344825
T (K) @ t=80.5,310.4355546
T (K) @ t=80.6,310.4366266
T (K) @ t=80.7,310.4376986
T (K) @ t=80.8,310.4387707
T (K) @ t=80.9,310.4398427
T (K) @ t=81,310.4409147
T (K) @ t=81.1,310.4419868
T (K) @ t=81.2,310.4430588
T (K) @ t=81.3,310.4441309
T (K) @ t=81.4,310.4452029
T (K) @ t=81.5,310.4462749
T (K) @ t=81.6,310.447347
T (K) @ t=81.7,310.448419
T (K) @ t=81.8,310.449491
T (K) @ t=81.9,310.4505631
T (K) @ t=82,310.4516351
T (K) @ t=82.1,310.4527071
T (K) @ t=82.2,310.4537792
T (K) @ t=82.3,310.4548512
T (K) @ t=82.4,310.4559232
T (K) @ t=82.5,310.4569953
T (K) @ t=82.6,310.4580673
T (K) @ t=82.7,310.4591393
T (K) @ t=82.8,310.4602114
T (K) @ t=82.9,310.4612834
T (K) @ t=83,310.4623555
T (K) @ t=83.1,310.4634275
T (K) @ t=83.2,310.4644995
T (K) @ t=83.3,310.4655716
T (K) @ t=83.4,310.4666436
T (K) @ t=83.5,310.4677156
T (K) @ t=83.6,310.4687877
T (K) @ t=83.7,310.4698597
T (K) @ t=83.8,310.4709317
T (K) @ t=83.9,310.4720038
T (K) @ t=84,310.4730758
T (K) @ t=84.1,310.4741478
T (K) @ t=84.2,310.4752199
T (K) @ t=84.3,310.4762919
T (K) @ t=84.4,310.4773639
T (K) @ t=84.5,310.478436
T (K) @ t=84.6,310.479508
T (K) @ t=84.7,310.4805801
T (K) @ t=84.8,310.4816521
T (K) @ t=84.9,310.4827241
T (K) @ t=85,310.4837962
T (K) @ t=85.1,310.4848682
T (K) @ t=85.2,310.4859402
T (K) @ t=85.3,310.4870123
T (K) @ t=85.4,310.4880843
T (K) @ t=85.5,310.4891563
T (K) @ t=85.6,310.4902284
T (K) @ t=85.7,310.4913004
T (K) @ t=85.8,310.4923724
T (K) @ t=85.9,310.4934445
T (K) @ t=86,310.4945165
T (K) @ t=86.1,310.4955885
T (K) @ t=86.2,310.4966606
T (K) @ t=86.3,310.4977326
T (K) @ t=86.4,310.4988047
T (K) @ t=86.5,310.4998767
T (K) @ t=86.6,310.5009487
T (K) @ t=86.7,310.5020208
T (K) @ t=86.8,310.5030928
T (K) @ t=86.9,310.5041648
T (K) @ t=87,310.5052369
T (K) @ t=87.1,310.5063089
T (K) @ t=87.2,310.5073809
T (K) @ t=87.3,310.508453
T (K) @ t=87.4,310.509525
T (K) @ t=87.5,310.510597
T (K) @ t=87.6,310.5116691
T (K) @ t=87.7,310.5127411
T (K) @ t=87.8,310.5138131
T (K) @ t=87.9,310.5148852
T (K) @ t=88,310.5159572
T (K) @ t=88.1,310.5170293
T (K) @ t=88.2,310.5181013
T (K) @ t=88.3,310.5191733
T (K) @ t=88.4,310.5202454
T (K) @ t=88.5,310.5213174
T (K) @ t=88.6,310.5223894
T (K) @ t=88.7,310.5234615
T (K) @ t=88.8,310.5245335
T (K) @ t=88.9,310.5256055
T (K) @ t=89,310.5266776
T (K) @ t=89.1,310.5277496
T (K) @ t=89.2,310.5288216
T (K) @ t=89.3,310.5298937
T (K) @ t=89.4,310.5309657
T (K) @ t=89.5,310.5320378
T (K) @ t=89.6,310.5331098
T (K) @ t=89.7,310.5341818
T (K) @ t=89.8,310.5352539
T (K) @ t=89.9,310.5363259
T (K) @ t=90,310.5373979
T (K) @ t=90.1,310.53847
T (K) @ t=90.2,310.539542
T (K) @ t=90.3,310.540614
T (K) @ t=90.4,310.5416861
T (K) @ t=90.5,310.5427581
T (K) @ t=90.6,310.5438301
T (K) @ t=90.7,310.5449022
T (K) @ t=90.8,310.5459742
T (K) @ t=90.9,310.5470462
T (K) @ t=91,310.5481183
T (K) @ t=91.1,310.5491903
T (K) @ t=91.2,310.5502624
T (K) @ t=91.3,310.5513344
T (K) @ t=91.4,310.5524064
T (K) @ t=91.5,310.5534785
T (K) @ t=91.6,310.5545505
T (K) @ t=91.7,310.5556225
T (K) @ t=91.8,310.5566946
T (K) @ t=91.9,310.5577666
T (K) @ t=92,310.5588386
T (K) @ t=92.1,310.5599107
T (K) @ t=92.2,310.5609827
T (K) @ t=92.3,310.5620547
T (K) @ t=92.4,310.5631268
T (K) @ t=92.5,310.5641988
T (K) @ t=92.6,310.5652708
T (K) @ t=92.7,310.5663429
T (K) @ t=92.8,310.5674149
T (K) @ t=92.9,310.568487
T (K) @ t=93,310.569559
T (K) @ t=93.1,310.570631
T (K) @ t=93.2,310.5717031
T (K) @ t=93.3,310.5727751
T (K) @ t=93.4,310.5738471
T (K) @ t=93.5,310.5749192
T (K) @ t=93.6,310.5759912
T (K) @ t=93.7,310.5770632
T (K) @ t=93.8,310.5781353
T (K) @ t=93.9,310.5792073
T (K) @ t=94,310.5802793
T (K) @ t=94.1,310.5813514
T (K) @ t=94.2,310.5824234
T (K) @ t=94.3,310.5835797
T (K) @ t=94.4,310.5847371
T (K) @ t=94.5,310.5858956
T (K) @ t=94.6,310.5870552
T (K) @ t=94.7,310.5882159
T (K) @ t=94.8,310.5893777
T (K) @ t=94.9,310.5905407
T (K) @ t=95,310.5917048
T (K) @ t=95.1,310.59287
T (K) @ t=95.2,310.5940363
T (K) @ t=95.3,310.5952037
T (K) @ t=95.4,310.5963722
T (K) @ t=95.5,310.5975419
T (K) @ t=95.6,310.5987127
T (K) @ t=95.7,310.5998845
T (K) @ t=95.8,310.6010575
T (K) @ t=95.9,310.6022317
T (K) @ t=96,310.6034069
T (K) @ t=96.1,310.6045832
T (K) @ t=96.2,310.6057607
T (K) @ t=96.3,310.6069393
T (K) @ t=96.4,310.608119
T (K) @ t=96.5,310.6092998
T (K) @ t=96.6,310.6104817
T (K) @ t=96.7,310.6116647
T (K) @ t=96.8,310.6128489
T (K) @ t=96.9,310.6140342
T (K) @ t=97,310.6152206
T (K) @ t=97.1,310.6164081
T (K) @ t=97.2,310.6175967
T (K) @ t=97.3,310.6187864
T (K) @ t=97.4,310.6199773
T (K) @ t=97.5,310.6211692
T (K) @ t=97.6,310.6223623
T (K) @ t=97.7,310.6235565
T (K) @ t=97.8,310.6247518
T (K) @ t=97.9,310.6259483
T (K) @ t=98,310.6271458
T (K) @ t=98.1,310.6283445
T (K) @ t=98.2,310.6295442
T (K) @ t=98.3,310.6307451
T (K) @ t=98.4,310.6319471
T (K) @ t=98.5,310.6331503
T (K) @ t=98.6,310.6343545
T (K) @ t=98.7,310.6355598
T (K) @ t=98.8,310.6367663
T (K) @ t=98.9,310.6379739
T (K) @ t=99,310.6391826
T (K) @ t=99.1,310.6403924
T (K) @ t=99.2,310.6416033
T (K) @ t=99.3,310.6428154
T (K) @ t=99.4,310.6440286
T (K) @ t=99.5,310.6452428
T (K) @ t=99.6,310.6464582
T (K) @ t=99.7,310.6476747
T (K) @ t=99.8,310.6488924
T (K) @ t=99.9,310.6501111
T (K) @ t=100,310.651331
T (K) @ t=100.1,310.6525519
T (K) @ t=100.2,310.653774
T (K) @ t=100.3,310.6549972
T (K) @ t=100.4,310.6562216
T (K) @ t=100.5,310.657447
T (K) @ t=100.6,310.6586735
T (K) @ t=100.7,310.6599012
T (K) @ t=100.8,310.66113
T (K) @ t=100.9,310.6623599
T (K) @ t=101,310.6635909
T (K) @ t=101.1,310.664823
T (K) @ t=101.2,310.6660563
T (K) @ t=101.3,310.6672906
T (K) @ t=101.4,310.6685261
T (K) @ t=101.5,310.6697627
T (K) @ t=101.6,310.6710004
T (K) @ t=101.7,310.6722392
T (K) @ t=101.8,310.6734792
T (K) @ t=101.9,310.6747202
T (K) @ t=102,310.6759624
T (K) @ t=102.1,310.6772057
T (K) @ t=102.2,310.6784501
T (K) @ t=102.3,310.6796956
T (K) @ t=102.4,310.6809422
T (K) @ t=102.5,310.68219
T (K) @ t=102.6,310.6834388
T (K) @ t=102.7,310.6846888
T (K) @ t=102.8,310.6859399
T (K) @ t=102.9,310.6871921
T (K) @ t=103,310.6884454
T (K) @ t=103.1,310.6896999
T (K) @ t=103.2,310.6909554
T (K) @ t=103.3,310.6922121
T (K) @ t=103.4,310.6934699
T (K) @ t=103.5,310.6947288
T (K) @ t=103.6,310.6959888
T (K) @ t=103.7,310.69725
T (K) @ t=103.8,310.6985122
T (K) @ t=103.9,310.6997756
T (K) @ t=104,310.7010401
T (K) @ t=104.1,310.7023057
T (K) @ t=104.2,310.7035724
T (K) @ t=104.3,310.7048402
T (K) @ t=104.4,310.7061091
T (K) @ t=104.5,310.7073792
T (K) @ t=104.6,310.7086504
T (K) @ t=104.7,310.7099227
T (K) @ t=104.8,310.7111961
T (K) @ t=104.9,310.7124706
T (K) @ t=105,310.7137462
T (K) @ t=105.1,310.715023
T (K) @ t=105.2,310.7163009
T (K) @ t=105.3,310.7175799
T (K) @ t=105.4,310.71886
T (K) @ t=105.5,310.7201412
T (K) @ t=105.6,310.7214235
T (K) @ t=105.7,310.722707
T (K) @ t=105.8,310.7239915
T (K) @ t=105.9,310.7252772
T (K) @ t=106,310.726564
T (K) @ t=106.1,310.7278519
T (K) @ t=106.2,310.7291409
T (K) @ t=106.3,310.7304311
T (K) @ t=106.4,310.7317223
T (K) @ t=106.5,310.7330147
T (K) @ t=106.6,310.7343082
T (K) @ t=106.7,310.7356028
T (K) @ t=106.8,310.7368985
T (K) @ t=106.9,310.7381953
T (K) @ t=107,310.7394933
T (K) @ t=107.1,310.7407924
T (K) @ t=107.2,310.7420925
T (K) @ t=107.3,310.7433938
T (K) @ t=107.4,310.7446963
T (K) @ t=107.5,310.7459998
T (K) @ t=107.6,310.7473044
T (K) @ t=107.7,310.7486102
T (K) @ t=107.8,310.7499171
T (K) @ t=107.9,310.7512251
T (K) @ t=108,310.7525342
T (K) @ t=108.1,310.7538444
T (K) @ t=108.2,310.7551557
T (K) @ t=108.3,310.7564682
T (K) @ t=108.4,310.7577818
T (K) @ t=108.5,310.7590964
T (K) @ t=108.6,310.7604122
T (K) @ t=108.7,310.7617292
T (K) @ t=108.8,310.7630472
T (K) @ t=108.9,310.7643663
T (K) @ t=109,310.7656866
T (K) @ t=109.1,310.767008
T (K) @ t=109.2,310.7683305
T (K) @ t=109.3,310.7696595
T (K) @ t=109.4,310.7709898
T (K) @ t=109.5,310.7723213
T (K) @ t=109.6,310.7736539
T (K) @ t=109.7,310.7749877
T (K) @ t=109.8,310.7763227
T (K) @ t=109.9,310.7776589
T (K) @ t=110,310.7789963
T (K) @ t=110.1,310.7803349
T (K) @ t=110.2,310.7816746
T (K) @ t=110.3,310.7830156
T (K) @ t=110.4,310.7843577
T (K) @ t=110.5,310.7857011
T (K) @ t=110.6,310.7870456
T (K) @ t=110.7,310.7883913
T (K) @ t=110.8,310.7897382
T (K) @ t=110.9,310.7910862
T (K) @ t=111,310.7924355
T (K) @ t=111.1,310.793786
T (K) @ t=111.2,310.7951376
T (K) @ t=111.3,310.7964904
T (K) @ t=111.4,310.7978444
T (K) @ t=111.5,310.7991996
T (K) @ t=111.6,310.800556
T (K) @ t=111.7,310.8019136
T (K) @ t=111.8,310.8032724
T (K) @ t=111.9,310.8046323
T (K) @ t=112,310.8059935
T (K) @ t=112.1,310.8073558
T (K) @ t=112.2,310.8087193
T (K) @ t=112.3,310.8100841
T (K) @ t=112.4,310.81145
T (K) @ t=112.5,310.812817
T (K) @ t=112.6,310.8141853
T (K) @ t=112.7,310.8155548
T (K) @ t=112.8,310.8169254
T (K) @ t=112.9,310.8182973
T (K) @ t=113,310.8196703
T (K) @ t=113.1,310.8210445
T (K) @ t=113.2,310.8224199
T (K) @ t=113.3,310.8237965
T (K) @ t=113.4,310.8251743
T (K) @ t=113.5,310.8265532
T (K) @ t=113.6,310.8279334
T (K) @ t=113.7,310.8293147
T (K) @ t=113.8,310.8306972
T (K) @ t=113.9,310.832081
T (K) @ t=114,310.8334659
T (K) @ t=114.1,310.834852
T (K) @ t=114.2,310.8362392
T (K) @ t=114.3,310.8376277
T (K) @ t=114.4,310.8390174
T (K) @ t=114.5,310.8404082
T (K) @ t=114.6,310.8418002
T (K) @ t=114.7,310.8431934
T (K) @ t=114.8,310.8445879
T (K) @ t=114.9,310.8459835
T (K) @ t=115,310.8473802
T (K) @ t=115.1,310.8487782
T (K) @ t=115.2,310.8501774
T (K) @ t=115.3,310.8515777
T (K) @ t=115.4,310.8529792
T (K) @ t=115.5,310.854382
T (K) @ t=115.6,310.8557859
T (K) @ t=115.7,310.857191
T (K) @ t=115.8,310.8585973
T (K) @ t=115.9,310.8600047
T (K) @ t=116,310.8614134
T (K) @ t=116.1,310.8628233
T (K) @ t=116.2,310.8642343
T (K) @ t=116.3,310.8656465
T (K) @ t=116.4,310.8670599
T (K) @ t=116.5,310.8684745
T (K) @ t=116.6,310.8698903
T (K) @ t=116.7,310.8713073
T (K) @ t=116.8,310.8727255
T (K) @ t=116.9,310.8741448
T (K) @ t=117,310.8755654
T (K) @ t=117.1,310.8769871
T (K) @ t=117.2,310.87841
T (K) @ t=117.3,310.8798341
T (K) @ t=117.4,310.8812594
T (K) @ t=117.5,310.8826859
T (K) @ t=117.6,310.8841136
T (K) @ t=117.7,310.8855424
T (K) @ t=117.8,310.8869725
T (K) @ t=117.9,310.8884037
T (K) @ t=118,310.8898361
T (K) @ t=118.1,310.8912697
T (K) @ t=118.2,310.8927045
T (K) @ t=118.3,310.8941405
T (K) @ t=118.4,310.8955777
T (K) @ t=118.5,310.8970161
T (K) @ t=118.6,310.8984556
T (K) @ t=118.7,310.8998963
T (K) @ t=118.8,310.9013383
T (K) @ t=118.9,310.9027814
T (K) @ t=119,310.9042257
T (K) @ t=119.1,310.9056712
T (K) @ t=119.2,310.9071178
T (K) @ t=119.3,310.9085657
T (K) @ t=119.4,310.9100148
T (K) @ t=119.5,310.911465
T (K) @ t=119.6,310.9129164
T (K) @ t=119.7,310.9143691
T (K) @ t=119.8,310.9158229
T (K) @ t=119.9,310.9172778
T (K) @ t=120,310.918734
T (K) @ t=120.1,310.9201914
T (K) @ t=120.2,310.92165
T (K) @ t=120.3,310.9231097
T (K) @ t=120.4,310.9245706
T (K) @ t=120.5,310.9260328
T (K) @ t=120.6,310.9274961
T (K) @ t=120.7,310.9289606
T (K) @ t=120.8,310.9304262
T (K) @ t=120.9,310.9318931
T (K) @ t=121,310.9333612
T (K) @ t=121.1,310.9348304
T (K) @ t=121.2,310.9363009
T (K) @ t=121.3,310.9377725
T (K) @ t=121.4,310.9392453
T (K) @ t=121.5,310.9407193
T (K) @ t=121.6,310.9421945
T (K) @ t=121.7,310.9436709
T (K) @ t=121.8,310.9451484
T (K) @ t=121.9,310.9466272
T (K) @ t=122,310.9481071
T (K) @ t=122.1,310.9495882
T (K) @ t=122.2,310.9510706
T (K) @ t=122.3,310.9525541
T (K) @ t=122.4,310.9540387
T (K) @ t=122.5,310.9555246
T (K) @ t=122.6,310.9570117
T (K) @ t=122.7,310.9584999
T (K) @ t=122.8,310.9599894
T (K) @ t=122.9,310.96148
T (K) @ t=123,310.9629718
T (K) @ t=123.1,310.9644648
T (K) @ t=123.2,310.965959
T (K) @ t=123.3,310.9674544
T (K) @ t=123.4,310.968951
T (K) @ t=123.5,310.9704488
T (K) @ t=123.6,310.9719477
T (K) @ t=123.7,310.9734478
T (K) @ t=123.8,310.9749492
T (K) @ t=123.9,310.9764517
T (K) @ t=124,310.9779554
T (K) @ t=124.1,310.9794603
T (K) @ t=124.2,310.9809663
T (K) @ t=124.3,310.9824681
T (K) @ t=124.4,310.983971
T (K) @ t=124.5,310.985475
T (K) @ t=124.6,310.9869802
T (K) @ t=124.7,310.9884864
T (K) @ t=124.8,310.9899938
T (K) @ t=124.9,310.9915022
T (K) @ t=125,310.9930118
T (K) @ t=125.1,310.9945226
T (K) @ t=125.2,310.9960344
T (K) @ t=125.3,310.9975473
T (K) @ t=125.4,310.9990614
T (K) @ t=125.5,311.0005765
T (K) @ t=125.6,311.0020928
T (K) @ t=125.7,311.0036102
T (K) @ t=125.8,311.0051287
T (K) @ t=125.9,311.0066484
T (K) @ t=126,311.0081691
T (K) @ t=126.1,311.009691
T (K) @ t=126.2,311.011214
T (K) @ t=126.3,311.0127381
T (K) @ t=126.4,311.0142633
T (K) @ t=126.5,311.0157896
T (K) @ t=126.6,311.017317
T (K) @ t=126.7,311.0188456
T (K) @ t=126.8,311.0203753
T (K) @ t=126.9,311.021906
T (K) @ t=127,311.0234379
T (K) @ t=127.1,311.024971
T (K) @ t=127.2,311.0265051
T (K) @ t=127.3,311.0280403
T (K) @ t=127.4,311.0295767
T (K) @ t=127.5,311.0311142
T (K) @ t=127.6,311.0326528
T (K) @ t=127.7,311.0341925
T (K) @ t=127.8,311.0357333
T (K) @ t=127.9,311.0372753
T (K) @ t=128,311.0388183
T (K) @ t=128.1,311.0403625
T (K) @ t=128.2,311.0419078
T (K) @ t=128.3,311.0434542
T (K) @ t=128.4,311.0450017
T (K) @ t=128.5,311.0465503
T (K) @ t=128.6,311.0481001
T (K) @ t=128.7,311.0496509
T (K) @ t=128.8,311.0512029
T (K) @ t=128.9,311.052756
T (K) @ t=129,311.0543102
T (K) @ t=129.1,311.0558655
T (K) @ t=129.2,311.057422
T (K) @ t=129.3,311.0589795
T (K) @ t=129.4,311.0605382
T (K) @ t=129.5,311.062098
T (K) @ t=129.6,311.0636589
T (K) @ t=129.7,311.0652209
T (K) @ t=129.8,311.066784
T (K) @ t=129.9,311.0683483
T (K) @ t=130,311.0699137
T (K) @ t=130.1,311.0714801
T (K) @ t=130.2,311.0730477
T (K) @ t=130.3,311.0746164
T (K) @ t=130.4,311.0761863
T (K) @ t=130.5,311.0777572
T (K) @ t=130.6,311.0793293
T (K) @ t=130.7,311.0809024
T (K) @ t=130.8,311.0824767
T (K) @ t=130.9,311.0840521
T (K) @ t=131,311.0856286
T (K) @ t=131.1,311.0872063
T (K) @ t=131.2,311.088785
T (K) @ t=131.3,311.0903649
T (K) @ t=131.4,311.0919459
T (K) @ t=131.5,311.093528
T (K) @ t=131.6,311.0951112
T (K) @ t=131.7,311.0966955
T (K) @ t=131.8,311.0982809
T (K) @ t=131.9,311.0998675
T (K) @ t=132,311.1014552
T (K) @ t=132.1,311.1030439
T (K) @ t=132.2,311.1046339
T (K) @ t=132.3,311.1062249
T (K) @ t=132.4,311.107817
T (K) @ t=132.5,311.1094103
T (K) @ t=132.6,311.1110046
T (K) @ t=132.7,311.1126001
T (K) @ t=132.8,311.1141967
T (K) @ t=132.9,311.1157944
T (K) @ t=133,311.1173932
T (K) @ t=133.1,311.1189932
T (K) @ t=133.2,311.1205942
T (K) @ t=133.3,311.1221964
T (K) @ t=133.4,311.1237997
T (K) @ t=133.5,311.1254041
T (K) @ t=133.6,311.1270096
T (K) @ t=133.7,311.1286162
T (K) @ t=133.8,311.130224
T (K) @ t=133.9,311.1318329
T (K) @ t=134,311.1334428
T (K) @ t=134.1,311.1350539
T (K) @ t=134.2,311.1366661
T (K) @ t=134.3,311.1382795
T (K) @ t=134.4,311.1398939
T (K) @ t=134.5,311.1415095
T (K) @ t=134.6,311.1431261
T (K) @ t=134.7,311.1447439
T (K) @ t=134.8,311.1463628
T (K) @ t=134.9,311.1479828
T (K) @ t=135,311.149604
T (K) @ t=135.1,311.1512262
T (K) @ t=135.2,311.1528496
T (K) @ t=135.3,311.1544741
T (K) @ t=135.4,311.1560997
T (K) @ t=135.5,311.1577264
T (K) @ t=135.6,311.1593542
T (K) @ t=135.7,311.1609831
T (K) @ t=135.8,311.1626132
T (K) @ t=135.9,311.1642444
T (K) @ t=136,311.1658767
T (K) @ t=136.1,311.1675101
T (K) @ t=136.2,311.1691446
T (K) @ t=136.3,311.1707802
T (K) @ t=136.4,311.172417
T (K) @ t=136.5,311.1740548
T (K) @ t=136.6,311.1756938
T (K) @ t=136.7,311.1773339
T (K) @ t=136.8,311.1789751
T (K) @ t=136.9,311.1806174
T (K) @ t=137,311.1822609
T (K) @ t=137.1,311.1839054
T (K) @ t=137.2,311.1855511
T (K) @ t=137.3,311.1871979
T (K) @ t=137.4,311.1888458
T (K) @ t=137.5,311.1904948
T (K) @ t=137.6,311.192145
T (K) @ t=137.7,311.1937962
T (K) @ t=137.8,311.1954486
T (K) @ t=137.9,311.1971021
T (K) @ t=138,311.1987567
T (K) @ t=138.1,311.2004124
T (K) @ t=138.2,311.2020692
T (K) @ t=138.3,311.2037271
T (K) @ t=138.4,311.2053862
T (K) @ t=138.5,311.2070464
T (K) @ t=138.6,311.2087077
T (K) @ t=138.7,311.2103701
T (K) @ t=138.8,311.2120336
T (K) @ t=138.9,311.2136982
T (K) @ t=139,311.215364
T (K) @ t=139.1,311.2170308
T (K) @ t=139.2,311.2186988
T (K) @ t=139.3,311.2203511
T (K) @ t=139.4,311.2220044
T (K) @ t=139.5,311.2236585
T (K) @ t=139.6,311.2253135
T (K) @ t=139.7,311.2269694
T (K) @ t=139.8,311.2286261
T (K) @ t=139.9,311.2302838
T (K) @ t=140,311.2319424
T (K) @ t=140.1,311.2336019
T (K) @ t=140.2,311.2352622
T (K) @ t=140.3,311.2369235
T (K) @ t=140.4,311.2385856
T (K) @ t=140.5,311.2402487
T (K) @ t=140.6,311.2419126
T (K) @ t=140.7,311.2435774
T (K) @ t=140.8,311.2452432
T (K) @ t=140.9,311.2469098
T (K) @ t=141,311.2485773
T (K) @ t=141.1,311.2502457
T (K) @ t=141.2,311.251915
T (K) @ t=141.3,311.2535852
T (K) @ t=141.4,311.2552563
T (K) @ t=141.5,311.2569282
T (K) @ t=141.6,311.2586011
T (K) @ t=141.7,311.2602749
T (K) @ t=141.8,311.2619495
T (K) @ t=141.9,311.2636251
T (K) @ t=142,311.2653015
T (K) @ t=142.1,311.2669788
T (K) @ t=142.2,311.2686571
T (K) @ t=142.3,311.2703362
T (K) @ t=142.4,311.2720162
T (K) @ t=142.5,311.2736971
T (K) @ t=142.6,311.2753789
T (K) @ t=142.7,311.2770616
T (K) @ t=142.8,311.2787452
T (K) @ t=142.9,311.2804296
T (K) @ t=143,311.282115
T (K) @ t=143.1,311.2838013
T (K) @ t=143.2,311.2854884
T (K) @ t=143.3,311.2871765
T (K) @ t=143.4,311.2888654
T (K) @ t=143.5,311.2905553
T (K) @ t=143.6,311.292246
T (K) @ t=143.7,311.2939376
T (K) @ t=143.8,311.2956302
T (K) @ t=143.9,311.2973236
T (K) @ t=144,311.2990179
T (K) @ t=144.1,311.3007131
T (K) @ t=144.2,311.3024092
T (K) @ t=144.3,311.3041061
T (K) @ t=144.4,311.305804
T (K) @ t=144.5,311.3075028
T (K) @ t=144.6,311.3092025
T (K) @ t=144.7,311.310903
T (K) @ t=144.8,311.3126045
T (K) @ t=144.9,311.3143068
T (K) @ t=145,311.3160101
T (K) @ t=145.1,311.3177142
T (K) @ t=145.2,311.3194192
T (K) @ t=145.3,311.3211251
T (K) @ t=145.4,311.3228319
T (K) @ t=145.5,311.3245396
T (K) @ t=145.6,311.3262482
T (K) @ t=145.7,311.3279577
T (K) @ t=145.8,311.3296681
T (K) @ t=145.9,311.3313794
T (K) @ t=146,311.3330915
T (K) @ t=146.1,311.3348046
T (K) @ t=146.2,311.3365186
T (K) @ t=146.3,311.3382334
T (K) @ t=146.4,311.3399492
T (K) @ t=146.5,311.3416658
T (K) @ t=146.6,311.3433833
T (K) @ t=146.7,311.3451017
T (K) @ t=146.8,311.3468211
T (K) @ t=146.9,311.3485413
T (K) @ t=147,311.3502624
T (K) @ t=147.1,311.3519844
T (K) @ t=147.2,311.3537073
T (K) @ t=147.3,311.355431
T (K) @ t=147.4,311.3571557
T (K) @ t=147.5,311.3588813
T (K) @ t=147.6,311.3606077
T (K) @ t=147.7,311.3623351
T (K) @ t=147.8,311.3640633
T (K) @ t=147.9,311.3657925
T (K) @ t=148,311.3675225
T (K) @ t=148.1,311.3692534
T (K) @ t=148.2,311.3709853
T (K) @ t=148.3,311.372718
T (K) @ t=148.4,311.3744516
T (K) @ t=148.5,311.3761861
T (K) @ t=148.6,311.3779215
T (K) @ t=148.7,311.3796578
T (K) @ t=148.8,311.381395
T (K) @ t=148.9,311.383133
T (K) @ t=149,311.384872
T (K) @ t=149.1,311.3866119
T (K) @ t=149.2,311.3883526
T (K) @ t=149.3,311.3900943
T (K) @ t=149.4,311.3918368
T (K) @ t=149.5,311.3935802
T (K) @ t=149.6,311.3953245
T (K) @ t=149.7,311.3970698
T (K) @ t=149.8,311.3988159
T (K) @ t=149.9,311.4005629
T (K) @ t=150,311.4023108